t,obs0,obs1,act0,act1,act2,rew,rep,crab_pop,nonlocal_crab
0,-1.0,-1.0,-1.0,-1.0,-0.8970740572523334,0.0,0,"[2.53359629e-03 4.20014803e-02 4.79809278e-01 3.77968651e+00
 2.05455958e+01 7.71123714e+01 1.99939579e+02 3.58276027e+02
 4.43805917e+02 3.80072930e+02 2.25013578e+02 9.20697918e+01
 2.60271602e+01 5.08063612e+00 6.84431470e-01 6.35876831e-02
 4.07138635e-03 1.79526689e-04 5.44790572e-06 1.13698025e-07
 1.63108360e-09]",[]
1,-0.17662483,-0.735047,-1.0,-1.0,-0.8970740572523334,-0.20567657071442552,0,"[1.6942307743222824e-12 3.515471791107061e-07 0.0015611735743858014
 0.25985048027792923 10.150055288333482 125.88223715795492
 770.5552571421998 2530.0200280801596 4356.21923799703 3963.174370574247
 2120.1414818686803 756.3726863116478 178.97163627836872
 29.083159125235575 2.7351726300448997 0.4220940082335659
 0.011162436598336378 9.095701774319842e-06 1.6284718018511057e-10
 1.1102230246251565e-16 0.0]",[]
2,-0.348917,-0.7089432,-1.0,-1.0,-0.8970740572523334,-0.26369626664299406,0,"[4.0360864083037e-18 3.38741518498139e-11 5.63387600576032e-06
 0.019972236518682428 2.1489825192227547 37.15465347555352
 286.72885428996693 1143.5297506906916 2358.441443310622 2610.886136054442
 1761.2367361288111 828.8030721776383 279.6336665966145 62.29413525439216
 7.553883453633981 0.557401152157122 0.011297926939877634
 9.098722845712892e-06 1.6284817938583274e-10 1.1102230246251565e-16 0.0]",[]
3,-0.5585175,-0.67843324,-1.0,-1.0,-0.8970740572523334,-0.2892831948371994,0,"[8.969081115005298e-19 7.52759654217584e-12 1.2520210690973922e-06
 0.004444760644288723 0.4961869237586795 10.095271638113639
 100.07519937719667 478.8130580282193 1153.2834706614692
 1529.1735391577745 1266.2110389622533 724.6482074262522
 293.67809075337266 88.02882002814147 16.880016291688733 1.578824078663031
 0.03380336578085297 2.729415444657768e-05 4.885438720236834e-10
 3.3306690738754696e-16 0.0]",[]
4,-0.70308745,-0.64944077,-1.0,-1.0,-0.8970740572523334,-0.3108507131667232,0,"[3.526365454980142e-26 1.2298103512647967e-17 8.256767010919617e-11
 1.1012001307590625e-05 0.03146001422071865 2.6973325811232933
 33.84380288275133 189.22751868693604 516.6245445956149 786.2698137934464
 784.2580900437018 531.1469507911368 255.02332397996128 93.66521435780446
 24.19520052221828 4.5711969889841 0.4372459090889186 0.008288410826993942
 5.430022784747024e-06 7.801792545336639e-11 0.0]",[]
5,-0.82161933,-0.62135375,-1.0,-1.0,-0.8970740572523334,-0.3317580982719203,0,"[7.052730919876764e-27 2.4596208483221467e-18 1.6513574648230952e-11
 2.2026184769424842e-06 0.006315345742295726 0.5932648238591638
 10.496953982895807 72.93200568128523 226.2608278053986 375.421546465159
 407.18155912734505 327.1718096829823 203.10227673512574 90.66521575226146
 28.224512407701003 7.097677808702627 0.8294808885658409
 0.01654043079076084 1.0859394178108772e-05 1.5603540681752293e-10 0.0]",[]
6,-0.9040086,-0.5974312,-1.0,-1.0,-0.8970740572523334,-0.3525127993996302,0,"[8.128262023925485e-36 1.195020931442753e-25 3.3300320688936995e-17
 1.788650143606321e-10 1.9133146721339076e-05 0.044064677594208436
 2.995952072837181 25.598557668037902 86.04768234262806 163.6903342154145
 207.4449956045022 196.14330331832582 148.19532271067638 80.31730683892249
 32.47700208786598 10.131496158397539 1.872748671854065
 0.04118735367381898 2.7145554195806554e-05 3.90086518642363e-10 0.0]",[]
7,-0.9436488,-0.55337065,-1.0,-1.0,-0.8970740572523334,-0.37320590107654866,0,"[8.12826202468821e-37 1.1950209362111199e-26 3.330032628678224e-18
 1.7886626082096832e-11 1.913850349458529e-06 0.004452435680655358
 0.38492423875209536 7.072159184960517 30.81985371325894 65.2144192457127
 94.96968291467606 102.07473348233827 86.91324288512803 54.01347277909676
 24.905919726318498 11.678983584141347 2.8823034798015668
 0.06580698441650912 4.3431225670298446e-05 6.241372974002957e-10 0.0]",[]
8,-0.9689097,-0.507115,-1.0,-1.0,-0.8970740572523334,-0.3938727100143614,0,"[4.96994575e+03 2.37514019e+03 5.47032526e-01 3.78440066e-09
 0.00000000e+00 0.00000000e+00 0.00000000e+00 5.00000000e+00
 2.10000000e+01 4.90000000e+01 7.50000000e+01 8.40000000e+01
 7.40000000e+01 4.40000000e+01 2.30000000e+01 1.10000000e+01
 2.00000000e+00 0.00000000e+00 0.00000000e+00 0.00000000e+00
 0.00000000e+00]",[6907.15466297]
9,-0.9777186,-0.51876503,-1.0,-1.0,-0.8970740572523334,-0.4145409271969021,0,"[479.90661748211096 3563.42569563014 2787.712898860674 506.253111495813
 5.934064622359036 0.002716468888327658 0.018318109683874845
 1.016513453701835 6.888576120149732 18.150674674529796 28.73288343284859
 41.31929311739682 49.226531599261406 38.59678598013865 18.56856403109922
 8.759683538879731 4.048216905824058 0.661924365217043
 0.012018659418640554 6.401759768848159e-06 7.381917299653651e-11]",[6907.15466297]
10,-0.9865275,-0.4238588,-1.0,-1.0,-0.8970740572523334,-0.4352051724123471,0,"[47.22662658994982 714.5671563379487 2822.541163047623 2629.7650578753105
 817.5850345748726 80.88346167869584 1.2087500830218598 0.337462072537147
 2.093145967961164 6.457511714661483 12.012667088260391 14.634211803486423
 22.37881757386999 23.02186719286783 13.11334598011241 5.871538534208884
 1.7486723676980005 0.32280565845006404 0.0060039020478193095
 3.2008018681084494e-06 3.6909586498268254e-11]",[6907.15466297]
11,-0.9932638,-0.43227792,-1.0,-1.0,-0.8970740572523334,-0.45588589092920745,0,"[4.827262458296513 113.50512224995383 865.9811987894699 2435.3557270704287
 2371.234479488815 937.8372093880877 150.9881351071069 8.225317091875654
 0.7400586357566967 2.0603176779510552 4.272723152872507 6.266868166358327
 6.238201906998097 11.72693358954834 10.822815920158074 3.4729055502228188
 0.41466515068908705 0.008270213716997099 5.4296970884992746e-06
 7.801770340876146e-11 0.0]",[6907.15466297]
12,-0.99442965,-0.61090875,-1.0,-1.0,-0.8970740572523334,-0.4766078161867947,0,"[0.45971407297351874 15.677186661614611 191.63112791983906
 987.787540965329 2208.869092707458 2108.7834602165276 926.4995304347328
 189.55286561637158 16.301245232264485 1.244146723001899 2.033796180143397
 2.579319024330804 2.6843877598595203 3.259407127353196 3.5227523903686913
 2.389415846336044 0.7066190896217678 0.016440376393004885
 1.0857602858571624e-05 1.5603418557219584e-10 0.0]",[6907.15466297]
13,-0.9884707,-0.8346907,-1.0,-1.0,-0.8970740572523334,-0.4974059677703548,0,"[0.008652284694776993 1.5957606276691854 35.25249411958777
 291.8764970654429 1112.3816906868844 2059.6750832627936
 1857.1888032820252 828.1209978414096 171.01917693177006
 16.319247776845465 1.013598258310042 0.993056927706006 0.5292553318866386
 0.11249564797397928 1.2477867278892785 1.9535181757940179
 0.6954416327055369 0.01643128035557262 1.0857440011280417e-05
 1.5603407454989338e-10 0.0]",[6907.15466297]
14,-0.96618927,-0.8458384,-1.0,-1.0,-0.8970740572523334,-0.5183115191639616,0,"[6.625325327556726e-06 0.03600951135128058 5.215388623502912
 73.61769571923196 422.1498224310009 1238.7029946267664 1913.4446963934986
 1539.8785827466359 619.3423150720836 119.35277969360457
 11.333209732065109 0.8922759554682842 0.03415945708313317
 6.340963004103362e-05 2.726755155002536e-09 2.4424906541753444e-15 0.0
 0.0 0.0 0.0 0.0]",[6907.15466297]
15,-0.9275855,-0.81687135,-1.0,-1.0,-0.8970740572523334,-0.5393000216595627,0,"[7.795112296082751e-07 0.004249105482683257 0.6691836405578943
 15.294094991710999 131.2596942245635 562.3524131108144 1317.509125523015
 1671.083450322511 1095.878816696962 341.5918157937825 55.503139408339074
 5.647883476309639 0.2057524095349924 0.00038050054100724484
 1.636057800347146e-08 1.4654943925052066e-14 0.0 0.0 0.0 0.0 0.0]",[6907.15466297]
16,-0.89636564,-0.7931223,-1.0,-1.0,-0.8970740572523334,-0.5602887049975698,0,"[2.2024812612402686e-11 4.5685400636629885e-06 0.02003360354132948
 2.4516992258534263 35.69322057219247 218.39671435370667 707.5639858691773
 1270.4122385443475 1216.4196604752478 589.2512345732831
 159.62677002860988 24.644769234440986 2.4404185576153985
 0.07913113524823634 0.00011925405317858573 4.120686569741849e-09
 2.9976021664879227e-15 0.0 0.0 0.0 0.0]",[6907.15466297]
17,-0.8752501,-0.7677666,-1.0,-1.0,-0.8970740572523334,-0.5811905493319134,0,"[4.95982280e+04 2.37030243e+04 5.45918313e+00 1.00000004e+00
 1.50000000e+01 1.14000000e+02 4.71000000e+02 8.76000000e+02
 9.05000000e+02 4.70000000e+02 1.29000000e+02 2.10000000e+01
 1.00000000e+00 0.00000000e+00 0.00000000e+00 0.00000000e+00
 0.00000000e+00 0.00000000e+00 0.00000000e+00 0.00000000e+00
 0.00000000e+00]",[ 6907.15466297 70036.95718038]
18,-0.91126305,-0.7604828,-1.0,-1.0,-0.8970740572523334,-0.6020090066287467,0,"[4789.291279636 35561.6759348335 27820.349483400427 5052.419617529997
 63.20284740990399 38.371984462194234 202.57516990155932 540.6494510131969
 727.8161887861747 527.6076283460196 213.1326507551908 53.63650874001157
 9.236421976988645 0.7961187972471597 0.020221495602994133
 2.4619979084428145e-05 6.832977517134964e-10 3.3306690738754696e-16 0.0
 0.0 0.0]",[ 6907.15466297 70036.95718038]
19,-0.9055632,-0.7331579,-1.0,-1.0,-0.8970740572523334,-0.6230347692700257,0,"[474.11812132820216 7147.131208384356 28167.115741624602
 26298.994882022685 8174.159045491974 824.2901643168027 90.23565678529992
 264.7777902802077 458.1866220705979 399.6091741040847 207.07780367920594
 71.52804878273271 17.511794492234692 2.907740273201468
 0.09947804255413317 0.00012304357970371882 3.4164477913378732e-09
 1.6653345369377348e-15 0.0 0.0 0.0]",[ 6907.15466297 70036.95718038]
20,-0.92901045,-0.7249526,-1.0,-1.0,-0.8970740572523334,-0.6484074401413936,0,"[48.859973814586176 1140.5727137640615 8660.069802984726
 24325.047561725576 23773.729665491734 9369.136521277214
 1563.9054157323328 212.50427902626384 247.86750177445967
 268.37853570711707 176.92538931403848 74.6441067259983 23.992660200566267
 4.966270256555766 0.17865507226132005 0.00022146443318560305
 6.149595832560806e-09 2.9976021664879227e-15 0.0 0.0 0.0]",[ 6907.15466297 70036.95718038]
21,-0.93121266,-0.7595482,-1.0,-1.0,-0.8970740572523334,-0.7877538108932935,0,"[5.3166436925581 168.97313103782918 1973.7187619389608 9947.343397561353
 22108.720450717927 21159.93991417688 9249.656702081238 1941.685863814308
 291.0465060353822 160.1695155261222 121.64445775706182 65.91396660913607
 22.757524667420256 5.65662132341939 1.3888743861711466
 0.04483173689511066 4.5155931032714314e-05 1.0070201339473783e-09
 3.3306690738754696e-16 0.0 0.0]",[ 6907.15466297 70036.95718038]
22,-0.8761569,-0.83687264,-1.0,-1.0,-0.8970740572523334,-1.0696960163116658,0,"[0.499416025869124 23.239495940569988 390.4991449214107 2984.689528257316
 11170.593285490826 20642.023221532752 18566.701156628693
 8226.015022116326 1820.5660508927506 256.35140670238957 87.18404237762562
 56.821073666313886 23.84610467897841 7.456474675486465 1.467654121416973
 0.04493014401316686 4.515866417076353e-05 1.0070214662150079e-09
 3.3306690738754696e-16 0.0 0.0]",[ 6907.15466297 70036.95718038]
23,-0.66098607,-0.8368524,-1.0,-1.0,-0.8970740572523334,-1.355219069433715,0,"[0.016589246742248775 3.089799754673556 73.27966192647635
 768.3340558426781 4215.725141224995 12359.724389510833 19193.81814844538
 15422.507588770755 6206.981772354984 1216.1649369159995
 161.84124017117068 45.1647277461845 23.98132591995112 8.798841658800791
 1.5267289450225319 0.04500394900828264 4.516071402405064e-05
 1.00702246541573e-09 3.3306690738754696e-16 0.0 0.0]",[ 6907.15466297 70036.95718038]
24,-0.300727,-0.8123399,-1.0,-1.0,-0.8970740572523334,-1.6407987450902533,0,"[0.0021681867989435727 0.4268420892441125 13.280233073543611
 183.51813626486629 1364.3181774152154 5691.505546916183
 13276.140451173416 16835.32215219507 11008.880910231428
 3524.8586347349515 606.7814201727647 78.12499506006672 18.11570749442873
 6.820406888793425 1.8443901557493887 0.05976741826789089
 6.02076802600493e-05 1.3426934009075353e-09 4.440892098500626e-16 0.0 0.0]",[ 6907.15466297 70036.95718038]
25,0.05992067,-0.78858644,-1.0,-1.0,-0.8970740572523334,-1.926378112378196,0,"[2.5333293269546792e-06 0.01379255050477237 2.1004145338124047
 41.64930041032545 401.5273718654166 2226.6462770155335 7169.258510828662
 12934.663061149975 12302.95547261148 5934.723648044904 1570.7554189438786
 258.78803402354123 33.56891531312209 5.566951959703868 2.3356701287799186
 0.43597153185304593 0.011177458966125098 9.096037433264925e-06
 1.6284729120741304e-10 1.1102230246251565e-16 0.0]",[ 6907.15466297 70036.95718038]
26,0.22547662,-0.7637301,-1.0,-1.0,-0.8970740572523334,-2.2119081284061144,0,"[0.000e+00 0.000e+00 0.000e+00 1.400e+01 1.740e+02 1.260e+03 4.546e+03
 8.910e+03 9.299e+03 4.666e+03 1.274e+03 2.100e+02 3.000e+01 4.000e+00
 2.000e+00 0.000e+00 0.000e+00 0.000e+00 0.000e+00 0.000e+00 0.000e+00]",[ 6907.15466297 70036.95718038     0.        ]
27,-0.058481634,-0.7596252,-1.0,-1.0,-0.8970740572523334,-2.4934009111992963,0,"[2.3719045156405925e-11 4.920102293265801e-06 0.0215972831836603
 2.720712295377091 47.61293792397252 424.63594602141023 2056.1971762023386
 5342.182691734027 7342.579754879256 5241.165110812853 2063.5053860745534
 511.0438277039425 79.50009547139723 9.142776904118069 0.6767602396608385
 0.015206459936343952 1.5059265472627814e-05 3.3567693069613824e-10
 1.1102230246251565e-16 0.0 0.0]",[ 6907.15466297 70036.95718038     0.        ]
28,-0.12921208,-0.73354536,-1.0,-1.0,-0.8970740572523334,-2.7257655222288406,0,"[3.388443610483361e-12 7.029438066484437e-07 0.003097309130112297
 0.43112621539559676 11.293836005787453 132.89637022212924
 816.3460512003239 2690.3871051874894 4641.39993855716 4224.9429973076885
 2248.506674112895 785.0271521345261 181.39024876145905 24.38016528015145
 1.9496709173423028 0.04552090950576748 4.5175063233870993e-05
 1.0070294598207852e-09 3.3306690738754696e-16 0.0 0.0]",[ 6907.15466297 70036.95718038     0.        ]
29,-0.32339704,-0.7071076,-1.0,-1.0,-0.8970740572523334,-2.8013138265451096,0,"[4.932994417539631e-18 4.140171272749001e-11 6.885657628739605e-06
 0.02438506303171283 2.554007347691531 39.593800205167355
 300.7685332154343 1213.933625224047 2527.413648172259 2842.5149920140216
 1942.3954086350288 882.7991762458993 271.7683632753686 49.44385194771732
 5.639365186135093 0.15068602475215898 0.00015055439015709826
 3.3567506552145687e-09 1.1102230246251565e-15 0.0 0.0]",[ 6907.15466297 70036.95718038     0.        ]
30,-0.51797056,-0.6789752,-1.0,-1.0,-0.8970740572523334,-2.828442451939313,0,"[8.969081256059916e-19 7.527601461416915e-12 1.2520540960735269e-06
 0.004449164951145068 0.5087181251760798 11.05286196761027
 105.85584494922638 510.8923503395796 1253.7415238507792
 1658.7438924384815 1359.6653565955407 771.0134330627272 296.7616374083824
 80.42123310356119 13.218004057143975 1.0980947344090848
 0.022580752933635373 1.8197109994178007e-05 3.25696247749363e-10
 2.220446049250313e-16 0.0]",[ 6907.15466297 70036.95718038     0.        ]
31,-0.69026273,-0.65316635,-1.0,-1.0,-0.8970740572523334,-2.850258047552491,0,"[3.52636545522399e-26 1.2298103548498594e-17 8.256768009929265e-11
 1.1012054967157254e-05 0.031465754432574045 2.710574969493766
 34.78533093023066 199.27948712459897 557.8613315917411 853.1577708078348
 839.2588397918512 589.3019743444547 287.8451311954855 93.76904791599024
 22.86003259326931 2.7490337654386883 0.3817198350584661
 0.008242938695975699 5.429208550955522e-06 7.801737034185408e-11 0.0]",[ 6907.15466297 70036.95718038     0.        ]
32,-0.81009,-0.6159151,-1.0,-1.0,-0.8970740572523334,-2.8712123691443323,0,"[7.052730921502416e-27 2.4596208722225656e-18 1.6513581308294772e-11
 2.20265424987413e-06 0.00631917206553934 0.6020514943130615
 11.047544607582902 75.71260539652877 241.016994824732 416.13466257108865
 460.1912747945521 367.74503944466153 218.4267057888234 88.73169977842115
 24.46592503603017 5.762909235575829 0.15613831387070076
 0.00012733680361887156 2.279859523390826e-09 1.5543122344752192e-15 0.0]",[ 6907.15466297 70036.95718038     0.        ]
33,-0.89429295,-0.59127975,-1.0,-1.0,-0.8970740572523334,-2.8919779612662233,0,"[8.941088226296242e-36 1.3145230244507895e-25 3.663035259789226e-17
 1.967514801835454e-10 2.1046308343263447e-05 0.04845801322529842
 3.2712752123167848 27.030495336584192 95.11287609078745
 187.21509910290723 243.84894677397702 226.02536936108126
 149.65357068711046 74.74205022060697 26.978327436384134
 7.5600851356032654 1.4804685337129289 0.03293533270303062
 2.171618280211174e-05 3.1206903727820645e-10 0.0]",[ 6907.15466297 70036.95718038     0.        ]
34,-0.93691254,-0.56037176,-1.0,-1.0,-0.8970740572523334,-2.912675141108259,0,"[1.6256524048450253e-36 2.39004186663208e-26 6.660064577618097e-18
 3.577310080829644e-11 3.82705023372727e-06 0.008849053628497264
 0.6662661385072006 8.712231295141166 36.60705971921885 75.57750179603391
 105.73568083410898 118.68646313699703 95.36777481825773
 53.911221083699466 24.301795257661592 7.3139727736283575
 1.782340213072636 0.32283294958342457 0.006003902536362182
 3.2008018684415163e-06 3.6909586498268254e-11]",[ 6907.15466297 70036.95718038     0.        ]
35,-0.97059375,-0.5244467,-1.0,-1.0,-0.8970740572523334,-2.9333477474983987,0,"[5.73888877e+03 2.74261854e+03 6.31668630e-01 4.36991781e-09
 0.00000000e+00 0.00000000e+00 0.00000000e+00 6.00000000e+00
 2.60000000e+01 5.80000000e+01 8.40000000e+01 9.70000000e+01
 7.90000000e+01 4.60000000e+01 2.30000000e+01 7.00000000e+00
 1.00000000e+00 0.00000000e+00 0.00000000e+00 0.00000000e+00
 0.00000000e+00]",[ 6907.15466297 70036.95718038     0.          8001.69962532]
36,-0.9756459,-0.472681,-1.0,-1.0,-0.8970740572523334,-2.954015523453332,0,"[554.1570946407467 4114.75390945654 3219.023919341454 584.5798811678509
 6.852174758118861 0.003141799776636373 0.03050037781200449
 1.6498077365541248 9.720809875526836 28.518023464211538
 47.935729935804304 53.90250288781421 48.917091814387675 29.5263977836641
 12.55505390867335 4.533634122922749 1.3898493552250897 0.3145809239132128
 0.005998473164966933 3.200723850960152e-06 3.6909586498268254e-11]",[ 6907.15466297 70036.95718038     0.          8001.69962532]
37,-0.98575026,-0.48093984,-1.0,-1.0,-0.8970740572523334,-2.974680721367338,0,"[53.66330264368253 817.6581447090132 3248.7518474989984 3036.910700867823
 944.7986601918157 93.54063269629408 1.4226977593710757 0.3550292855486975
 2.871706472247807 11.180627816914294 20.83704475226014 25.007849002128648
 24.51101238368274 17.38485196916101 8.216250344376705 2.900164242991453
 0.7178718100672046 0.016449474108805817 1.0857765706417943e-05
 1.560342965944983e-10 0.0]",[ 6907.15466297 70036.95718038     0.          8001.69962532]
38,-0.9913206,-0.5230866,-1.0,-1.0,-0.8970740572523334,-2.995366708553695,0,"[5.379524184161406 128.82131419836415 993.3849892051261 2811.4028237321822
 2754.2929009338714 1084.6204168496436 176.45466002778014
 10.503346838325688 0.865619280328268 3.210470915067382 6.434620384401107
 8.053377442086612 11.040313626209832 12.00701385402255 5.580185312434355
 0.9018143509055886 0.02238502143064991 1.819274621306377e-05
 3.25694804459431e-10 2.220446049250313e-16 0.0]",[ 6907.15466297 70036.95718038     0.          8001.69962532]
39,-0.99442965,-0.68086994,-1.0,-1.0,-0.8970740572523334,-3.0161072984201236,0,"[0.5724727977982494 19.161110226872704 225.8981144170143
 1140.6258923545486 2550.8447195349077 2447.6177930058693
 1072.1897509137268 218.7342686358614 18.841401405564422
 1.3196625011510783 2.0341985867551897 2.6840863494239424
 4.843072403044483 7.672800807644928 4.436540031827899 0.5104285415867961
 0.011252711562714901 9.097715796602124e-06 1.6284784631892535e-10
 1.1102230246251565e-16 0.0]",[ 6907.15466297 70036.95718038     0.          8001.69962532]
40,-0.9874343,-0.830546,-1.0,-1.0,-0.8970740572523334,-3.0369500268101035,0,"[0.013684690313214152 2.446473069890322 44.5435136376343 339.0186637027522
 1280.5121023417696 2371.329111442925 2128.3047715499515 946.8966861847134
 207.5130990263741 19.796121353365148 1.0776587563567817
 1.0195183789338476 1.1280616538230623 2.17296288626172 2.407982377274516
 0.7972890694151097 0.022279659869260393 1.8190396500528117e-05
 3.2569402730331376e-10 2.220446049250313e-16 0.0]",[ 6907.15466297 70036.95718038     0.          8001.69962532]
41,-0.9589349,-0.84354174,-1.0,-1.0,-0.8970740572523334,-3.057942194061488,0,"[0.0014446781875700403 0.280277612859279 8.032182027159328
 88.18561821354581 483.3528598020668 1419.064850532122 2203.231732410231
 1760.0542518033053 697.0632338957946 130.79922454438915
 12.921035197390701 0.9789959721337395 0.10208801648737613
 1.1558495594661347 1.971694748535692 0.7823779736827434
 0.02226460880330583 1.8190060827594223e-05 3.256939162810113e-10
 2.220446049250313e-16 0.0]",[ 6907.15466297 70036.95718038     0.          8001.69962532]
42,-0.92084926,-0.81524014,-1.0,-1.0,-0.8970740572523334,-3.079059824894288,0,"[1.5589343600441316e-06 0.008479937460010665 1.2583417786974227
 21.166208529551536 157.53923084975835 649.8147139207188 1518.124132517655
 1931.3328855729212 1249.9816937708363 388.3113562287695 64.22075109144221
 5.101718197261091 0.1402322041188423 0.000253830962489654
 1.0907232450563242e-08 9.769962616701378e-15 0.0 0.0 0.0 0.0 0.0]",[ 6907.15466297 70036.95718038     0.          8001.69962532]
43,-0.8821159,-0.7914834,-1.0,-1.0,-0.8970740572523334,-3.1001806361940707,0,"[1.9488204295624554e-07 0.0010631550476060527 0.17116707554251484
 4.360564458125892 46.17471497216254 255.58528589567476 819.6304407169727
 1487.2915462238127 1405.7715187861047 668.8470322567448
 173.52618265767003 29.340725972534937 2.2457618766186918
 0.053916202666171364 7.955269219284133e-05 2.747169158823226e-09
 1.9984014443252818e-15 0.0 0.0 0.0 0.0]",[ 6907.15466297 70036.95718038     0.          8001.69962532]
44,-0.86695933,-0.76856107,-1.0,-1.0,-0.8970740572523334,-3.121198736532561,0,"[7.66457040e+03 3.66290301e+03 8.43624764e-01 1.00000001e+00
 1.90000000e+01 1.47000000e+02 5.20000000e+02 1.03800000e+03
 1.03500000e+03 5.08000000e+02 1.32000000e+02 2.70000000e+01
 1.00000000e+00 0.00000000e+00 0.00000000e+00 0.00000000e+00
 0.00000000e+00 0.00000000e+00 0.00000000e+00 0.00000000e+00
 0.00000000e+00]","[ 6907.15466297 70036.95718038     0.          8001.69962532
  7505.7189753 ]"
45,-0.8946816,-0.7648677,-1.0,-1.0,-0.8970740572523334,-3.1420378514553198,0,"[740.1042668708704 5495.457795557772 4299.167543033309 780.9442900475776
 14.019540364066888 48.549778189059914 236.2370719929639 611.8372975841868
 835.1970881059311 581.5519493936843 229.6513080994015 54.85750748905997
 11.548952364669308 0.49391393858820487 0.0007549639110328021
 2.609740235026692e-08 1.8984813721090177e-14 0.0 0.0 0.0 0.0]","[ 6907.15466297 70036.95718038     0.          8001.69962532
  7505.7189753 ]"
46,-0.8974019,-0.7341272,-1.0,-1.0,-0.8970740572523334,-3.1628347290487238,0,"[72.82250380540277 1102.1980436716647 4359.757072600971 4082.095844125853
 1265.9177708626326 139.15837469411144 93.07135896956233
 309.19253578049586 529.0297890312497 467.972250529807 238.5012965526928
 84.6620288244437 20.48875812953114 1.7451736913813412 0.04068127026517132
 4.924819933682656e-05 1.3666014986313257e-09 6.661338147750939e-16 0.0
 0.0 0.0]","[ 6907.15466297 70036.95718038     0.          8001.69962532
  7505.7189753 ]"
47,-0.91994244,-0.7179275,-1.0,-1.0,-0.8970740572523334,-3.1836510177304977,0,"[7.604249556384079 177.01916942486903 1341.4617005969662 3763.99553846606
 3680.1160012552537 1458.673471932396 268.46024685950266
 145.17290904338523 272.53674276205066 311.47616354394586
 205.7667447374382 86.56322382526176 29.462602027781934 7.3791464891443415
 0.2773781100042405 0.00034448191545033424 9.566024639084958e-09
 4.6629367034256575e-15 0.0 0.0 0.0]","[ 6907.15466297 70036.95718038     0.          8001.69962532
  7505.7189753 ]"
48,-0.9439079,-0.69488096,-1.0,-1.0,-0.8970740572523334,-3.204567498677934,0,"[0.7972877834895786 26.096672786666538 305.29930465344006
 1534.8260386243207 3418.7600116992844 3279.2900463344395
 1440.2095287644358 341.57183907915686 155.33768209412983
 176.17104286274497 146.6369328107559 81.46327356770931 30.737879305456673
 7.12915746662814 0.6547100028602554 0.015181776773238398
 1.5058582128912867e-05 3.3567659762923086e-10 1.1102230246251565e-16 0.0
 0.0]","[ 6907.15466297 70036.95718038     0.          8001.69962532
  7505.7189753 ]"
49,-0.956344,-0.7356596,-1.0,-1.0,-0.8970740572523334,-3.22573614379599,0,"[0.018726449058348568 3.3479656851108284 60.948774065683445
 460.87002611473764 1726.2121822523225 3191.2921020408694
 2889.7750039471175 1293.2633424123426 330.4243881253093
 119.48619586877983 97.06791140719905 68.12654418882919 34.110452781395765
 11.95399532710838 2.042312873880893 0.06001346971483201
 6.021451312965276e-05 1.3426967315766092e-09 4.440892098500626e-16 0.0
 0.0]","[ 6907.15466297 70036.95718038     0.          8001.69962532
  7505.7189753 ]"
50,-0.9299172,-0.7855982,-1.0,-1.0,-0.8970740572523334,-3.2473014961491136,0,"[0.0021654584130694067 0.41195018705013753 10.84996572476758
 118.23297368266968 651.7884467988833 1909.5415465279689
 2965.7427949559765 2386.568568455025 975.0723074239227 235.46523972730202
 76.21527077968241 47.96037633132915 25.90024044312666 11.385809516879103
 3.3851118767700354 0.4660151259408707 0.011207567247585093
 9.096708782130314e-06 1.6284751325201796e-10 1.1102230246251565e-16 0.0]","[ 6907.15466297 70036.95718038     0.          8001.69962532
  7505.7189753 ]"
51,-0.8879453,-0.78586906,-1.0,-1.0,-0.8970740572523334,-3.2692316612052377,0,"[1.9486798095593683e-06 0.010602381721846965 1.5837002000887113
 27.727205450482895 211.15131029125078 876.2982422894814
 2045.8523783846535 2620.7645589454 1746.688358963592 567.4831616969466
 121.62334628563737 31.730234534970432 18.558904410916607
 9.548745965729701 2.531844165577878 0.4362175228635894
 0.011177465798950736 9.096037436595594e-06 1.6284729120741304e-10
 1.1102230246251565e-16 0.0]","[ 6907.15466297 70036.95718038     0.          8001.69962532
  7505.7189753 ]"
52,-0.82835555,-0.7822033,-1.0,-1.0,-0.8970740572523334,-3.29109912345711,0,"[1.948922082489584e-07 0.0010652635591036311 0.1804057953029751
 5.465476348128133 60.21750115119682 343.35809490072967 1108.172241353444
 1997.8547232350363 1925.1409589219547 940.6569289202685 256.9061440579751
 53.449997810147465 17.62288495391905 9.715956392791938 3.153014640201654
 0.1045006972237118 0.00010536087811774397 2.349712202587284e-09
 7.771561172376096e-16 0.0 0.0]","[ 6907.15466297 70036.95718038     0.          8001.69962532
  7505.7189753 ]"
53,-0.80698097,-0.75829566,-1.0,-1.0,-0.8970740572523334,-3.31255984691495,0,"[6.36376041e+03 3.04124510e+03 7.00447069e-01 1.00000000e+00
 3.00000000e+01 1.83000000e+02 7.16000000e+02 1.36900000e+03
 1.42900000e+03 7.17000000e+02 2.03000000e+02 4.60000000e+01
 1.50000000e+01 9.00000000e+00 2.00000000e+00 0.00000000e+00
 0.00000000e+00 0.00000000e+00 0.00000000e+00 0.00000000e+00
 0.00000000e+00]","[ 6907.15466297 70036.95718038     0.          8001.69962532
  7505.7189753   4608.77644558]"
54,-0.8558186,-0.74982226,-1.0,-1.0,-0.8970740572523334,-3.3335856244178026,0,"[614.4957889273414 4562.783684412331 3569.5248206585457 648.4642929984346
 14.740905969901746 65.30274524925484 315.4102131642594 837.3970966627688
 1140.7353970115025 813.6948750664643 327.51035944077967 78.94550560288396
 13.963967531761277 4.840878922754657 1.76533237463934 0.05966900153509069
 6.020494711500568e-05 1.3426920686399058e-09 4.440892098500626e-16 0.0
 0.0]","[ 6907.15466297 70036.95718038     0.          8001.69962532
  7505.7189753   4608.77644558]"
55,-0.8695502,-0.7295868,-1.0,-1.0,-0.8970740572523334,-3.3544971125782808,0,"[60.03462055831665 910.0327071648738 3602.505199963339 3370.3504333004093
 1054.318567489898 123.41337817159587 124.39172981085478
 418.58754209640125 733.1777556408285 673.219038028292 360.7835033095102
 118.59752637705249 26.611843606982106 5.099899242218466
 0.5755728490248543 0.015083357293430244 1.5055848981870845e-05
 3.356752653616013e-10 1.1102230246251565e-16 0.0 0.0]","[ 6907.15466297 70036.95718038     0.          8001.69962532
  7505.7189753   4608.77644558]"
56,-0.893127,-0.70811206,-1.0,-1.0,-0.8970740572523334,-3.3753777944922554,0,"[6.114873786397136 143.86156710298377 1101.8024996013296
 3115.1161522796892 3044.54070814139 1204.985978299566 240.55734529628333
 199.66952646362077 399.3819031943362 450.13774643843857 307.4559130783745
 130.40982141264234 40.33126318886246 8.485472673717334 1.0915142401012434
 0.030092890361770652 3.010964809646577e-05 6.713495315224804e-10
 2.220446049250313e-16 0.0 0.0]","[ 6907.15466297 70036.95718038     0.          8001.69962532
  7505.7189753   4608.77644558]"
57,-0.9194243,-0.69039994,-1.0,-1.0,-0.8970740572523334,-3.3962992705703376,0,"[0.6780478834134593 21.45965641101517 251.09365751334892
 1271.3015821849988 2835.8258100685343 2715.3619239195577
 1207.468444684411 319.6095977870329 212.90976330084425 254.44411453732974
 196.1410934377901 110.91823849042878 46.93848664123976 15.256786434439718
 3.1273601071406567 0.4513254905210401 0.011192522331223365
 9.096373112194023e-06 1.628474022297155e-10 1.1102230246251565e-16 0.0]","[ 6907.15466297 70036.95718038     0.          8001.69962532
  7505.7189753   4608.77644558]"
58,-0.93976253,-0.6980155,-1.0,-1.0,-0.8970740572523334,-3.41734622446288,0,"[0.01297287350623535 2.3634659563446294 48.548603939537784
 381.5802481626381 1424.3781597426223 2639.226409757187 2378.2550584641276
 1083.4369336534978 318.0993291802344 158.57354786846463 125.5102916082958
 78.8719619628923 35.815123111563906 14.738799225251503 3.1265654909505485
 0.4513254630501643 0.01119252233120338 9.096373112194023e-06
 1.628474022297155e-10 1.1102230246251565e-16 0.0]","[ 6907.15466297 70036.95718038     0.          8001.69962532
  7505.7189753   4608.77644558]"
59,-0.9275855,-0.7610638,-1.0,-1.0,-0.8970740572523334,-3.4385807351911617,0,"[0.0014448731018030167 0.28134744424332697 8.232502500433048
 95.68273299370986 538.3948303311535 1577.966066740492 2449.2614016587713
 1975.6605358915144 827.9601071227945 213.50565194092363 76.67416426265189
 51.96142789703219 26.661688365057536 12.093781771534788 4.767876873740997
 0.872066005642349 0.022354921348624046 1.8192074868195185e-05
 3.2569458241482607e-10 2.220446049250313e-16 0.0]","[ 6907.15466297 70036.95718038     0.          8001.69962532
  7505.7189753   4608.77644558]"
60,-0.9015473,-0.78284323,-1.0,-1.0,-0.8970740572523334,-3.4599885810567623,0,"[1.558939442705511e-06 0.008480991841846077 1.2629821057877282
 21.79256169046749 171.29349364154652 728.0335818702712 1700.253900366163
 2167.227855385966 1436.38676739642 478.5590453273135 108.8301873470851
 36.03180592512418 21.768932593767072 11.14335991151382 3.5572602053821316
 0.8274557194449446 0.022309771567177172 1.819106785105884e-05
 3.256942493479187e-10 2.220446049250313e-16 0.0]","[ 6907.15466297 70036.95718038     0.          8001.69962532
  7505.7189753   4608.77644558]"
61,-0.85607773,-0.7747173,-1.0,-1.0,-0.8970740572523334,-3.481341444234982,0,"[1.9488204296117853e-07 0.0010631550890077086 0.17117396082033168
 4.3848988628286145 48.58367222202897 282.00476149372537 917.5614352867664
 1660.7697006468252 1595.152700054181 782.2314205590848 208.4449764706864
 49.531213075578115 14.205963323079533 8.346992505636814
 3.4906190007261513 0.11928877684739181 0.00012040852764449994
 2.6853834711459967e-09 8.881784197001252e-16 0.0 0.0]","[ 6907.15466297 70036.95718038     0.          8001.69962532
  7505.7189753   4608.77644558]"
62,-0.83548045,-0.7604217,-1.0,-1.0,-0.8970740572523334,-3.502476136082762,0,"[4.59761361e+04 2.19720243e+04 5.06050632e+00 3.50088570e-08
 1.70000000e+01 1.64000000e+02 5.80000000e+02 1.13800000e+03
 1.16400000e+03 5.87000000e+02 1.70000000e+02 4.20000000e+01
 1.20000000e+01 7.00000000e+00 3.00000000e+00 0.00000000e+00
 0.00000000e+00 0.00000000e+00 0.00000000e+00 0.00000000e+00
 0.00000000e+00]","[ 6907.15466297 70036.95718038     0.          8001.69962532
  7505.7189753   4608.77644558 63850.99554469]"
63,-0.87408423,-0.7576767,-1.0,-1.0,-0.8970740572523334,-3.523385831029217,0,"[4439.535779150961 32964.654571960855 25788.665358549104 4683.300435776861
 58.74168355486768 51.17894317960704 261.42889776724417 669.9718439400956
 916.9599243642581 649.9112236157478 259.74319469995993 74.82664209016495
 15.801786025311252 4.599281075941218 2.8844348068399364
 0.8122493954907714 0.022294712301803465 1.8190732174128144e-05
 3.256941383256162e-10 2.220446049250313e-16 0.0]","[ 6907.15466297 70036.95718038     0.          8001.69962532
  7505.7189753   4608.77644558 63850.99554469]"
64,-0.88949984,-0.7334818,-1.0,-1.0,-0.8970740572523334,-3.5445236547690504,0,"[437.02116023851704 6612.059378386515 26128.853296689525
 24390.826221938223 7566.629841836983 764.7083514019147 113.54385855009673
 335.769305547557 573.1669975142166 520.9142074572834 280.07907328043456
 105.15702731503058 27.557942589815887 6.615699405606232
 1.6008696484100404 0.40632154975411106 0.01114736161720531
 9.095366089728607e-06 1.628470691628081e-10 1.1102230246251565e-16 0.0]","[ 6907.15466297 70036.95718038     0.          8001.69962532
  7505.7189753   4608.77644558 63850.99554469]"
65,-0.9165743,-0.71254313,-1.0,-1.0,-0.8970740572523334,-3.56979351959151,0,"[45.11640174772459 1054.2596388019253 8022.240447303302 22578.027545707395
 22056.147303537004 8684.923447176456 1455.2237545420871
 238.77728565239565 314.89815272709023 353.8526291760142
 244.73520533837643 112.14048533158291 39.98944218944868
 10.483797062385287 2.533274589787196 0.4362175723112689
 0.011177465798986708 9.096037436595594e-06 1.6284729120741304e-10
 1.1102230246251565e-16 0.0]","[ 6907.15466297 70036.95718038     0.          8001.69962532
  7505.7189753   4608.77644558 63850.99554469]"
66,-0.9145016,-0.7431974,-1.0,-1.0,-0.8970740572523334,-3.6839667362733772,0,"[4.965396983811071 156.17078682959777 1825.0112784762866 9224.226273151255
 20525.363942476146 19639.57332835341 8589.762995071344 1818.795758644487
 322.13574433386145 204.42891575921 160.5685876827831 97.11474792017859
 34.32937634973751 11.492221791462761 2.591833031207556 0.4362913594504214
 0.011177467848827005 9.096037437594795e-06 1.6284729120741304e-10
 1.1102230246251565e-16 0.0]","[ 6907.15466297 70036.95718038     0.          8001.69962532
  7505.7189753   4608.77644558 63850.99554469]"
67,-0.86838436,-0.8250876,-1.0,-1.0,-0.8970740572523334,-3.9616130784213244,0,"[0.4950806279656669 22.391393912268153 365.9616162120128
 2778.8345629714527 10397.791197373634 19129.19534460742
 17181.766031909818 7629.013956200759 1707.21259754752 280.71695185075913
 111.02160711121415 71.85510743902726 39.569023658855684
 14.211757166389102 3.4844705507491622 0.46613816539978525
 0.011207570664029887 9.096708783795648e-06 1.6284751325201796e-10
 1.1102230246251565e-16 0.0]","[ 6907.15466297 70036.95718038     0.          8001.69962532
  7505.7189753   4608.77644558 63850.99554469]"
68,-0.67134947,-0.8309402,-1.0,-1.0,-0.8970740572523334,-4.24699327388939,0,"[0.01514866059303497 2.831747890196067 68.40129301730883 717.9369772788851
 3929.879227860273 11491.624063326084 17760.928756017343
 14227.533374912968 5717.44207019316 1156.460198520935 174.4922875577024
 49.119255247319266 27.340858027972946 14.539426528303284
 3.350460617524768 0.10474673218815334 0.00010536771097535702
 2.349715533256358e-09 7.771561172376096e-16 0.0 0.0]","[ 6907.15466297 70036.95718038     0.          8001.69962532
  7505.7189753   4608.77644558 63850.99554469]"
69,-0.35746682,-0.8114531,-1.0,-1.0,-0.8970740572523334,-4.5325566169976454,0,"[0.0014489654722256498 0.3036420720888257 11.688350170474983
 170.39769781738096 1269.2458920620986 5281.787824880014 12307.96984375286
 15566.862093173331 10157.470899168415 3287.677468716256 579.2305147401485
 79.91192505167278 21.325321924296244 10.657530772641685
 4.9328561812067795 0.5254134752794702 0.011267764678546732
 9.098051470535218e-06 1.628479573412278e-10 1.1102230246251565e-16 0.0]","[ 6907.15466297 70036.95718038     0.          8001.69962532
  7505.7189753   4608.77644558 63850.99554469]"
70,-0.027002692,-0.7889056,-1.0,-1.0,-0.8970740572523334,-4.81811919180453,0,"[2.143607596433051e-06 0.011675025912398442 1.7965814105045494
 37.55425426027641 369.3256891028389 2061.7170462582417 6645.012585076668
 11966.91301400005 11395.458264289864 5511.500934748636 1471.2404158962413
 245.37968485852784 39.351280982074655 9.864553215694862
 3.6517815261218405 1.1887979456642104 0.03341197315366018
 2.7285426918655098e-05 4.885409854438194e-10 3.3306690738754696e-16 0.0]","[ 6907.15466297 70036.95718038     0.          8001.69962532
  7505.7189753   4608.77644558 63850.99554469]"
71,0.13971913,-0.7629333,-1.0,-1.0,-0.8970740572523334,-5.1035019794231395,0,"[0.00000000e+00 0.00000000e+00 0.00000000e+00 7.99999999e+00
 1.75000000e+02 1.12300000e+03 4.27000000e+03 8.23800000e+03
 8.41000000e+03 4.35100000e+03 1.19100000e+03 2.10000000e+02
 3.20000000e+01 9.00000000e+00 3.00000000e+00 1.00000000e+00
 0.00000000e+00 0.00000000e+00 0.00000000e+00 0.00000000e+00
 0.00000000e+00]","[ 6907.15466297 70036.95718038     0.          8001.69962532
  7505.7189753   4608.77644558 63850.99554469     0.        ]"
72,-0.121309996,-0.75798225,-1.0,-1.0,-0.8970740572523334,-5.377856256751584,0,"[1.3553773526928522e-11 2.8117676946305417e-06 0.012387980362864546
 1.719510624645158 43.11190762773707 392.89968089195537 1896.5408763224705
 4972.248946042588 6732.357030381386 4754.805914225588 1888.3176517871661
 464.10110120527344 78.07102814603189 10.302437313545717 2.133799048057615
 1.0217385343653214 0.3477659763835802 0.008215641184808442
 5.428720005973275e-06 7.801703727494669e-11 0.0]","[ 6907.15466297 70036.95718038     0.          8001.69962532
  7505.7189753   4608.77644558 63850.99554469     0.        ]"
73,-0.19489038,-0.7355398,-1.0,-1.0,-0.8970740572523334,-5.563226283371856,0,"[1.6942307743222365e-12 3.515471790947186e-07 0.0015611734670480473
 0.2598361658424292 10.10928201784838 122.66299664284745 746.0731339384117
 2449.2058329474366 4207.096321242796 3828.0016641663337
 2054.9541621623944 714.4467990487608 159.99983836268495 25.86129012844529
 3.2916896570167506 0.6906861281223614 0.3366938899115537
 0.008206547497093042 5.428557159459224e-06 7.801692625264423e-11 0.0]","[ 6907.15466297 70036.95718038     0.          8001.69962532
  7505.7189753   4608.77644558 63850.99554469     0.        ]"
74,-0.3763801,-0.7066785,-1.0,-1.0,-0.8970740572523334,-5.613962521078673,0,"[4.484540377658011e-18 3.7637919990548945e-11 6.259684249718049e-06
 0.02216763851618012 2.3201143229623273 35.85986280906425
 272.5235336460158 1104.8867388900157 2300.6569087228727
 2552.0812659441085 1718.6230306253672 785.0913087903599
 240.45378597456866 51.406740545404475 8.104038603885343
 0.9480488167498157 0.022430216309210826 1.8193753252182532e-05
 3.256951375263384e-10 2.220446049250313e-16 0.0]","[ 6907.15466297 70036.95718038     0.          8001.69962532
  7505.7189753   4608.77644558 63850.99554469     0.        ]"
75,-0.5668083,-0.6820617,-1.0,-1.0,-0.8970740572523334,-5.638722576572173,0,"[8.969081115005298e-19 7.527596542175685e-12 1.2520210690541018e-06
 0.004444760411764827 0.4961620533463261 10.038217388780676
 96.60655138603873 467.26402345820964 1117.2101704093602
 1447.7905328228242 1212.1921184648857 709.0367087335965 281.1138975554076
 78.6433551582909 14.693462083565656 1.8654877771462108
 0.04483030862111137 3.6386835147839136e-05 6.513900530080718e-10
 4.440892098500626e-16 0.0]","[ 6907.15466297 70036.95718038     0.          8001.69962532
  7505.7189753   4608.77644558 63850.99554469     0.        ]"
76,-0.72070533,-0.6506587,-1.0,-1.0,-0.8970740572523334,-5.660207412073553,0,"[3.526365454492446e-26 1.229810344094671e-17 8.256765012900483e-11
 1.1011893988822396e-05 0.03144853536577803 2.6709824277045042
 32.21084421267324 182.64405591348267 510.08063517443 760.6782241964411
 729.8032957606089 509.59384476983314 263.52038016318704 98.92444473312864
 20.791699217958556 2.660255969446833 0.3816295477946531
 0.008242936681947421 5.429208550289388e-06 7.801737034185408e-11 0.0]","[ 6907.15466297 70036.95718038     0.          8001.69962532
  7505.7189753   4608.77644558 63850.99554469     0.        ]"
77,-0.8321123,-0.6253623,-1.0,-1.0,-0.8970740572523334,-5.681111886868966,0,"[7.052730919876764e-27 2.4596208483221467e-18 1.651357464823023e-11
 2.2026184767822248e-06 0.0063153450535683095 0.5932057242137411
 10.387380714721806 67.3336409759403 206.45890045188284 346.40958377749416
 391.14372442312873 338.8090320958445 215.68468107328908 99.46479039429838
 27.372453288858672 4.568036433323934 0.7517654706277791
 0.016476770277284336 1.0858254250956101e-05 1.560346296614057e-10 0.0]","[ 6907.15466297 70036.95718038     0.          8001.69962532
  7505.7189753   4608.77644558 63850.99554469     0.        ]"
78,-0.90789497,-0.58108014,-1.0,-1.0,-0.8970740572523334,-5.701862716245076,0,"[8.128262023920037e-36 1.1950209314086933e-25 3.3300320648952385e-17
 1.7886500545734473e-10 1.9133108458806665e-05 0.04406139463082946
 2.989888785805432 25.32361821727595 86.4028309984168 164.10418060443806
 200.82199527506666 188.21828117849796 145.91130034848393
 81.34313466268195 32.97379528026188 7.9984587564419325 0.8518658812984479
 0.016558623536959916 1.0859719872913232e-05 1.5603562886212785e-10 0.0]","[ 6907.15466297 70036.95718038     0.          8001.69962532
  7505.7189753   4608.77644558 63850.99554469     0.        ]"
79,-0.94857144,-0.54678255,-1.0,-1.0,-0.8970740572523334,-5.72255724287393,0,"[1.6256524048286813e-36 2.390041865610287e-26 6.6600644576642705e-18
 3.57730740984321e-11 3.82693544573048e-06 0.008839203364280769
 0.6479816660430342 7.745893812439167 31.99779919418906 69.72001082740174
 100.91901937434746 107.53306475518485 87.2709240103299 54.74048748962292
 27.465788285473028 9.381190454128081 1.5359945783621267
 0.03298080483403454 2.171699703590324e-05 3.1206959238971876e-10 0.0]","[ 6907.15466297 70036.95718038     0.          8001.69962532
  7505.7189753   4608.77644558 63850.99554469     0.        ]"
80,-0.9704642,-0.5299637,-1.0,-1.0,-0.8970740572523334,-5.743227547337224,0,"[6.35069791e+03 3.03500252e+03 6.99009305e-01 4.83578425e-09
 0.00000000e+00 0.00000000e+00 0.00000000e+00 2.00000000e+00
 2.50000000e+01 5.70000000e+01 7.60000000e+01 8.80000000e+01
 7.80000000e+01 5.00000000e+01 2.60000000e+01 8.00000000e+00
 1.00000000e+00 0.00000000e+00 0.00000000e+00 0.00000000e+00
 0.00000000e+00]","[ 6907.15466297 70036.95718038     0.          8001.69962532
  7505.7189753   4608.77644558 63850.99554469     0.
  8938.49829684]"
81,-0.9764232,-0.49650708,-1.0,-1.0,-0.8970740572523334,-5.763896282791576,0,"[613.2344511192828 4553.417937908626 3562.1963255688884 646.9005378262706
 7.58266864636572 0.0034651395755743246 0.012254891924584427
 0.7417044706163887 7.401945874877779 24.206560316022557 39.62276097099398
 44.822802477158056 45.060759397684876 36.17569843246276
 19.789391004736302 8.365455087383337 2.455396818197893 0.3392460371927811
 0.006014759650678658 3.2009579022940216e-06 3.6909586498268254e-11]","[ 6907.15466297 70036.95718038     0.          8001.69962532
  7505.7189753   4608.77644558 63850.99554469     0.
  8938.49829684]"
82,-0.9865275,-0.464144,-1.0,-1.0,-0.8970740572523334,-5.784564510330616,0,"[60.43026645637696 914.4342342829021 3614.1183102137297 3374.3293102399552
 1046.3825528051789 103.40284372376901 1.6091707766303773
 0.02258459056731754 0.8238047388099727 6.372025056859586
 15.042526825120703 20.357342751260376 24.72292403651674
 25.248793116415868 16.292954232937262 5.390050881238792
 1.4121892050091522 0.31459911565239806 0.0059984734906614046
 3.2007238511821967e-06 3.6909586498268254e-11]","[ 6907.15466297 70036.95718038     0.          8001.69962532
  7505.7189753   4608.77644558 63850.99554469     0.
  8938.49829684]"
83,-0.99417055,-0.40876064,-1.0,-1.0,-0.8970740572523334,-5.8052589394320595,0,"[6.313057320304339 146.12920568117383 1109.082202337214 3124.058842305843
 3046.140971355169 1192.9312013457811 193.70083949858085 11.47769882430157
 0.1710490063265952 1.2711889509456835 5.749392629459142
 11.684200798328856 14.114341112605539 13.232396248736526
 12.196026329277958 5.8955008741333765 0.8067947863701186
 0.016522231331060122 1.0859068481083867e-05 1.56035184772918e-10 0.0]","[ 6907.15466297 70036.95718038     0.          8001.69962532
  7505.7189753   4608.77644558 63850.99554469     0.
  8938.49829684]"
84,-0.9930047,-0.5568111,-1.0,-1.0,-0.8970740572523334,-5.826015698832523,0,"[0.6794843774023336 21.695457226290223 252.70756774055275 1271.42493914628
 2830.8343755003457 2712.238647167802 1174.9157001070846
 237.31161800822434 20.593465686223105 0.9985743008064083
 1.028201489802146 1.597498071256172 3.2180039151250663 5.302861688285438
 5.642955466676692 4.372756208100633 1.4020908244592099
 0.03287165741992337 2.1715042870074086e-05 3.120682601220892e-10 0.0]","[ 6907.15466297 70036.95718038     0.          8001.69962532
  7505.7189753   4608.77644558 63850.99554469     0.
  8938.49829684]"
85,-0.9874343,-0.81988746,-1.0,-1.0,-0.8970740572523334,-5.8469060102614225,0,"[0.013691510239345046 2.483487402040221 49.67467028596729
 387.15593587118974 1437.6191360501125 2642.1418035646307
 2381.7025613499154 1049.5500555479243 226.98370704089405
 23.760065013090433 0.9324641981015135 0.5133357990338407
 1.5584590829915868 2.095088507783939 2.1205264584901347
 2.0515622175337276 1.3229200487229953 0.3145263507096636
 0.005998472187884185 3.2007238502940183e-06 3.6909586498268254e-11]","[ 6907.15466297 70036.95718038     0.          8001.69962532
  7505.7189753   4608.77644558 63850.99554469     0.
  8938.49829684]"
86,-0.9581576,-0.83900607,-1.0,-1.0,-0.8970740572523334,-5.86799969080007,0,"[0.0014454576564442328 0.28451793262835234 8.662829590128919
 98.73008123255651 543.1551068346072 1575.470183201026 2439.795435162437
 1967.8790901004338 785.4792213642327 156.7845640159413 14.305573909118891
 0.4771670857690902 0.5322817054941318 0.9914868607617113
 0.4908170589341202 0.6153676869636151 0.3366186133997374
 0.008206545818718047 5.428557158904113e-06 7.801692625264423e-11 0.0]","[ 6907.15466297 70036.95718038     0.          8001.69962532
  7505.7189753   4608.77644558 63850.99554469     0.
  8938.49829684]"
87,-0.914113,-0.81858116,-1.0,-1.0,-0.8970740572523334,-5.8892882046176025,0,"[1.5589462195501291e-06 0.008482397371899427 1.2691172590044355
 22.444482548580737 172.5866226241841 719.2446618611835 1681.477988680584
 2147.6193367481515 1412.078573934756 451.6174844079495 82.62701918564275
 8.716431030310002 0.309226955904335 0.0005707828842494989
 2.4540902310299373e-08 2.19824158875781e-14 0.0 0.0 0.0 0.0 0.0]","[ 6907.15466297 70036.95718038     0.          8001.69962532
  7505.7189753   4608.77644558 63850.99554469     0.
  8938.49829684]"
88,-0.8622958,-0.7905149,-1.0,-1.0,-0.8970740572523334,-5.910561466648852,0,"[1.9488543138595394e-07 0.001063857874735168 0.1742449797786079
 4.72298795621177 50.32503099987514 282.3597157900341 905.1601339457575
 1631.3753530612998 1560.774701837648 748.5812233578225 201.99001499563383
 36.4239551632439 4.928072664528161 0.18322298723115726
 0.0002781985596868042 9.614880780439705e-09 6.994405055138486e-15 0.0 0.0
 0.0 0.0]","[ 6907.15466297 70036.95718038     0.          8001.69962532
  7505.7189753   4608.77644558 63850.99554469     0.
  8938.49829684]"
89,-0.84312344,-0.76322764,-1.0,-1.0,-0.8970740572523334,-5.931651045360652,0,"[6.19086673e+03 2.95861910e+03 6.81416989e-01 3.00000000e+00
 2.70000000e+01 1.53000000e+02 5.95000000e+02 1.14000000e+03
 1.15800000e+03 5.86000000e+02 1.51000000e+02 3.00000000e+01
 3.00000000e+00 0.00000000e+00 0.00000000e+00 0.00000000e+00
 0.00000000e+00 0.00000000e+00 0.00000000e+00 0.00000000e+00
 0.00000000e+00]","[ 6907.15466297 70036.95718038     0.          8001.69962532
  7505.7189753   4608.77644558 63850.99554469     0.
  8938.49829684  5021.25139853]"
90,-0.8803023,-0.7615611,-1.0,-1.0,-0.8970740572523334,-5.952534457314415,0,"[597.8008740346523 4438.819800167843 3472.549376695072 631.1798776813172
 15.206977520732744 55.478268694465704 258.7232270442568 691.1502045136259
 933.8157982171 641.3840875051402 258.1925639083389 62.92168750421533
 11.06308409308708 0.8741086179776011 0.020340700574644655
 2.4624099727033055e-05 6.833007493156629e-10 3.3306690738754696e-16 0.0
 0.0 0.0]","[ 6907.15466297 70036.95718038     0.          8001.69962532
  7505.7189753   4608.77644558 63850.99554469     0.
  8938.49829684  5021.25139853]"
91,-0.88924074,-0.7333024,-1.0,-1.0,-0.8970740572523334,-5.973354053058957,0,"[58.70837023916262 889.0970457343602 3519.020499430417 3298.0397889188266
 1024.9510345470133 119.41237503010197 104.36789751876518
 340.3822451739447 589.814629083296 529.4504646665957 275.3763485863373
 93.42424814652085 20.039474701226652 2.556246366742895
 0.07993215722118119 9.844695103078394e-05 2.7331670260366536e-09
 1.3322676295501878e-15 0.0 0.0 0.0]","[ 6907.15466297 70036.95718038     0.          8001.69962532
  7505.7189753   4608.77644558 63850.99554469     0.
  8938.49829684  5021.25139853]"
92,-0.9098381,-0.7152551,-1.0,-1.0,-0.8970740572523334,-5.994166321587402,0,"[6.1048031301051715 142.1285392399428 1079.3627071085275 3040.156189537141
 2985.626406372034 1179.9504702195213 228.70280604208162
 159.77070638076094 308.82659694665637 342.17829827494285
 232.43476595365047 103.11015621524551 32.209850428509995 6.19130151700084
 0.2185416336274848 0.00027068516156358857 7.516177347177688e-09
 3.6637359812630166e-15 0.0 0.0 0.0]","[ 6907.15466297 70036.95718038     0.          8001.69962532
  7505.7189753   4608.77644558 63850.99554469     0.
  8938.49829684  5021.25139853]"
93,-0.93963295,-0.6925507,-1.0,-1.0,-0.8970740572523334,-6.0150356818244735,0,"[0.6773235959566829 21.30898093711933 245.7816368559685 1233.3163082381616
 2754.1315168947112 2657.3374354175394 1181.659245523457 300.1900041917666
 171.34869589115237 200.4417114403663 166.26792472885015 92.46720253019251
 33.397345874073764 9.491489130555586 1.1500725779063314
 0.030166677500830352 3.011169793676327e-05 6.713505307232026e-10
 2.220446049250313e-16 0.0 0.0]","[ 6907.15466297 70036.95718038     0.          8001.69962532
  7505.7189753   4608.77644558 63850.99554469     0.
  8938.49829684  5021.25139853]"
94,-0.95064414,-0.7141835,-1.0,-1.0,-0.8970740572523334,-6.036032557380241,0,"[0.015125081449930506 2.7034347208728144 49.13228220644871
 371.33688983313334 1388.1307973702947 2559.2680149460907
 2324.4809302296035 1054.836965765036 290.07547588135606
 126.18918639160671 96.72946011816022 67.46062157671686 37.34167959103077
 12.549450133420168 3.6301024524164047 0.11946104527579615
 0.0001204133106768035 2.6853858026143484e-09 8.881784197001252e-16 0.0
 0.0]","[ 6907.15466297 70036.95718038     0.          8001.69962532
  7505.7189753   4608.77644558 63850.99554469     0.
  8938.49829684  5021.25139853]"
95,-0.93587625,-0.7668121,-1.0,-1.0,-0.8970740572523334,-6.057209615899064,0,"[0.0014456524774954687 0.2855684369080761 8.778614422980848
 96.63830178327088 523.0191274823513 1528.4741005580686 2382.67030244141
 1928.8515870636172 797.5447302388743 198.42210198911582 74.30741380792428
 45.82827565519002 19.651025361587397 10.293202341546813
 3.7421430403589273 0.48082779807269094 0.011222615580389617
 9.09704445373194e-06 1.6284762427432042e-10 1.1102230246251565e-16 0.0]","[ 6907.15466297 70036.95718038     0.          8001.69962532
  7505.7189753   4608.77644558 63850.99554469     0.
  8938.49829684  5021.25139853]"
96,-0.9038791,-0.79302895,-1.0,-1.0,-0.8970740572523334,-6.078540399651527,0,"[1.3640963666835128e-06 0.0074259192441221596 1.1272005996440417
 21.563179231258022 168.70408911936528 702.7291768266118
 1645.6747362731542 2088.6456239466065 1377.6825631531842
 463.4063955672179 107.89327897724378 36.09506194940252 17.92912504440828
 9.170908131071275 2.908977475281273 0.451054810853722
 0.011192514815050014 9.096373108530287e-06 1.628474022297155e-10
 1.1102230246251565e-16 0.0]","[ 6907.15466297 70036.95718038     0.          8001.69962532
  7505.7189753   4608.77644558 63850.99554469     0.
  8938.49829684  5021.25139853]"
97,-0.85633683,-0.7757462,-1.0,-1.0,-0.8970740572523334,-6.099806863643591,0,"[1.9488373717132394e-07 0.001063506463052527 0.172706340783487
 4.5429030865887094 48.41844612291536 274.64021544014776 889.1466361492817
 1603.1758277715537 1519.929516891061 728.2096356879161 205.5750126660333
 46.155917626235855 11.488500267316338 5.89901391466908 3.1676431996818715
 0.4657444778651907 0.011207559731434724 9.096708778466578e-06
 1.6284751325201796e-10 1.1102230246251565e-16 0.0]","[ 6907.15466297 70036.95718038     0.          8001.69962532
  7505.7189753   4608.77644558 63850.99554469     0.
  8938.49829684  5021.25139853]"
98,-0.8427348,-0.7533283,-1.0,-1.0,-0.8970740572523334,-6.120875539441968,0,"[7.42031407e+03 3.54617275e+03 8.16739932e-01 5.65025110e-09
 1.50000000e+01 1.41000000e+02 5.65000000e+02 1.10300000e+03
 1.11400000e+03 5.74000000e+02 1.66000000e+02 4.20000000e+01
 1.10000000e+01 5.00000000e+00 2.00000000e+00 0.00000000e+00
 0.00000000e+00 0.00000000e+00 0.00000000e+00 0.00000000e+00
 0.00000000e+00]","[ 6907.15466297 70036.95718038     0.          8001.69962532
  7505.7189753   4608.77644558 63850.99554469     0.
  8938.49829684  5021.25139853  6881.2323323 ]"
99,-0.8815977,-0.7558115,-1.0,-1.0,-0.8970740572523334,-6.14175356357268,0,"[716.4222319839159 5319.666103736417 4161.920503702917 755.8844928074103
 12.242029266669102 44.524998465490015 244.10823207845127
 654.5557978099027 890.6403779325487 638.1931624195872 259.3183461851827
 69.0443150027708 14.942685895223565 4.321933307038578 1.5213349492544936
 0.4062231165386525 0.011147358884048275 9.09536608839634e-06
 1.628470691628081e-10 1.1102230246251565e-16 0.0]","[ 6907.15466297 70036.95718038     0.          8001.69962532
  7505.7189753   4608.77644558 63850.99554469     0.
  8938.49829684  5021.25139853  6881.2323323 ]"
