tag,seed,steps,eval_mean,eval_se,wall
sb3-ppo-s0,0,12,-10.630205154418945,0.013868272304534912,2.907731056213379
sb3-ppo-s0,0,1000008,-6.97963809967041,0.016910781860351564,175.82694387435913
sb3-ppo-s0,0,2000004,-6.803501605987549,0.016093600988388062,352.34861421585083
sb3-ppo-s0,0,3000000,-6.848249912261963,0.016805779933929444,527.9249153137207
sb3-ppo-s0,0,4000008,-6.89733362197876,0.017286534309387206,690.8300518989563
sb3-ppo-s0,0,5000004,-6.759769439697266,0.015026946067810059,857.9430022239685
sb3-ppo-s0,0,6000000,-6.742311000823975,0.015541685819625855,1024.8129386901855
sb3-ppo-s0,0,7000008,-7.496699333190918,0.023751628398895264,1188.287998199463
sb3-ppo-s0,0,8000004,-7.432578086853027,0.02218609094619751,1355.0178444385529
sb3-ppo-s0,0,9000000,-9.667170524597168,0.03399426937103271,1521.9863214492798
sb3-ppo-s0,0,10000008,-10.726435661315918,0.03369451761245727,1686.1355803012848
