tag,seed,steps,eval_mean,eval_se,std,wall
v2-E-s1,1,0,-10.635627746582031,0.013847466707229614,1.0,1.4696383476257324
v2-E-s1,1,9961472,-6.512414455413818,0.014705907106399536,0.48015791177749634,214.14032793045044
v2-E-s1,1,14942208,-6.495104789733887,0.01585687041282654,0.3524799942970276,319.3296046257019
v2-E-s1,1,19922944,-6.473912715911865,0.015944211483001708,0.272052526473999,412.57934284210205
v2-E-s1,1,24903680,-6.511755466461182,0.016438761949539183,0.21586284041404724,520.2352259159088
v2-E-s1,1,29884416,-6.560078144073486,0.016830313205718993,0.17253205180168152,616.0457801818848
v2-E-s1,1,34865152,-6.743143558502197,0.018283798694610595,0.139779195189476,719.4556879997253
v2-E-s1,1,39845888,-6.522501468658447,0.016568633317947386,0.11924171447753906,801.3514292240143
v2-E-s1,1,44826624,-6.468273639678955,0.016063376665115356,0.10505391657352448,882.749755859375
v2-E-s1,1,49807360,-6.444786548614502,0.015889931917190552,0.10017430037260056,985.5423302650452
v2-E-s1,1,49938432,-6.452624320983887,0.01598562240600586,0.10017699003219604,988.9086480140686
