kind,name,obs_type,env,mean,se
constant,"const-opt-fixed[-0.900,0.280]",count-biomass-time,fixed,-9.668333053588867,0.01471290004738306
constant,"const-opt-fixed[-0.900,0.280]",count-biomass-time,buggy,-9.913066864013672,0.015102975873847147
seasonal,seasonal-opt-fixed,count-biomass-time,fixed,-7.714786052703857,0.010612136441944663
seasonal,seasonal-opt-fixed,count-biomass-time,buggy,-7.9149885177612305,0.011139291521442551
constant,"const-opt-buggy[-0.920,0.350]",count-biomass-time,fixed,-9.670788764953613,0.014050738496861136
constant,"const-opt-buggy[-0.920,0.350]",count-biomass-time,buggy,-9.903929710388184,0.014422919614384466
seasonal,seasonal-opt-buggy,count-biomass-time,fixed,-7.729643821716309,0.01045377640216074
seasonal,seasonal-opt-buggy,count-biomass-time,buggy,-7.9255146980285645,0.010973840695865156
constant,no-action,count-biomass-time,fixed,-23.163930892944336,0.0041799082219776094
constant,no-action,count-biomass-time,buggy,-23.791885375976562,0.004259175064377503
sb3,PPO-(count-biomass-time)-1,count-biomass-time,fixed,-7.39821195602417,0.015633734508892716
sb3,PPO-(count-biomass-time)-1,count-biomass-time,buggy,-7.674322605133057,0.01638960114770891
sb3,PPO-(count-biomass-time)-10,count-biomass-time,fixed,-10.624381065368652,0.025699351080322674
sb3,PPO-(count-biomass-time)-10,count-biomass-time,buggy,-11.147515296936035,0.026631120120209996
sb3,PPO-(count-biomass-time)-2,count-biomass-time,fixed,-6.748453140258789,0.010973521222753442
sb3,PPO-(count-biomass-time)-2,count-biomass-time,buggy,-7.0177764892578125,0.011533070370016805
sb3,PPO-(count-biomass-time)-3,count-biomass-time,fixed,-6.860126495361328,0.011852121170307301
sb3,PPO-(count-biomass-time)-3,count-biomass-time,buggy,-7.1517014503479,0.012456155473236941
sb3,PPO-(count-biomass-time)-4,count-biomass-time,fixed,-7.404888153076172,0.01610431587363443
sb3,PPO-(count-biomass-time)-4,count-biomass-time,buggy,-7.718325614929199,0.01695718601310936
sb3,PPO-(count-biomass-time)-5,count-biomass-time,fixed,-6.98457670211792,0.01285293770623608
sb3,PPO-(count-biomass-time)-5,count-biomass-time,buggy,-7.276195526123047,0.013573432180971023
sb3,PPO-(count-biomass-time)-6,count-biomass-time,fixed,-6.860910892486572,0.011637879467019755
sb3,PPO-(count-biomass-time)-6,count-biomass-time,buggy,-7.113113880157471,0.012190895009826957
sb3,PPO-(count-biomass-time)-7,count-biomass-time,fixed,-8.47449016571045,0.018676354277994786
sb3,PPO-(count-biomass-time)-7,count-biomass-time,buggy,-8.839117050170898,0.019444966123800676
sb3,PPO-(count-biomass-time)-8,count-biomass-time,fixed,-7.2223124504089355,0.01535864202866211
sb3,PPO-(count-biomass-time)-8,count-biomass-time,buggy,-7.506470203399658,0.016236159645146207
sb3,PPO-(count-biomass-time)-9,count-biomass-time,fixed,-6.93734073638916,0.012917518479272354
sb3,PPO-(count-biomass-time)-9,count-biomass-time,buggy,-7.18042516708374,0.013558747376012857
sb3,TD3-(count-biomass-time)-1,count-biomass-time,fixed,-7.481875896453857,0.011631430156260617
sb3,TD3-(count-biomass-time)-1,count-biomass-time,buggy,-7.75356388092041,0.012012095434389192
sb3,TD3-(count-biomass-time)-10,count-biomass-time,fixed,-8.830547332763672,0.014750552355968753
sb3,TD3-(count-biomass-time)-10,count-biomass-time,buggy,-9.181638717651367,0.015235868258949875
sb3,TD3-(count-biomass-time)-2,count-biomass-time,fixed,-7.529773235321045,0.012026384901908325
sb3,TD3-(count-biomass-time)-2,count-biomass-time,buggy,-7.90371561050415,0.012494787274582028
sb3,TD3-(count-biomass-time)-3,count-biomass-time,fixed,-7.6204938888549805,0.010668212823888407
sb3,TD3-(count-biomass-time)-3,count-biomass-time,buggy,-7.800974369049072,0.011016391311184783
sb3,TD3-(count-biomass-time)-4,count-biomass-time,fixed,-8.721454620361328,0.014904806449770743
sb3,TD3-(count-biomass-time)-4,count-biomass-time,buggy,-9.26644229888916,0.015545381227422357
sb3,TD3-(count-biomass-time)-5,count-biomass-time,fixed,-7.323457717895508,0.010789791308976874
sb3,TD3-(count-biomass-time)-5,count-biomass-time,buggy,-7.698764801025391,0.011154058934223799
sb3,TD3-(count-biomass-time)-6,count-biomass-time,fixed,-7.910377502441406,0.01214591083547431
sb3,TD3-(count-biomass-time)-6,count-biomass-time,buggy,-8.2691011428833,0.012581941899680734
sb3,TD3-(count-biomass-time)-7,count-biomass-time,fixed,-7.62441349029541,0.011694233175226701
sb3,TD3-(count-biomass-time)-7,count-biomass-time,buggy,-7.865778923034668,0.0122274278981162
sb3,TD3-(count-biomass-time)-8,count-biomass-time,fixed,-7.7804083824157715,0.011045024194189144
sb3,TD3-(count-biomass-time)-8,count-biomass-time,buggy,-8.08579158782959,0.011633921877944582
sb3,TD3-(count-biomass-time)-9,count-biomass-time,fixed,-7.379827499389648,0.010518332730024877
sb3,TD3-(count-biomass-time)-9,count-biomass-time,buggy,-7.6620564460754395,0.010917807303706893
sb3,TQC-(count-biomass-time)-1,count-biomass-time,fixed,-7.246316432952881,0.01173098438419123
sb3,TQC-(count-biomass-time)-1,count-biomass-time,buggy,-7.608139991760254,0.01225450724828445
sb3,TQC-(count-biomass-time)-10,count-biomass-time,fixed,-7.387198448181152,0.012084448086290873
sb3,TQC-(count-biomass-time)-10,count-biomass-time,buggy,-7.803834438323975,0.01262514157646743
sb3,TQC-(count-biomass-time)-2,count-biomass-time,fixed,-7.2189531326293945,0.011682036720204618
sb3,TQC-(count-biomass-time)-2,count-biomass-time,buggy,-7.608894348144531,0.0121200276128668
sb3,TQC-(count-biomass-time)-3,count-biomass-time,fixed,-7.15918493270874,0.010692619220924095
sb3,TQC-(count-biomass-time)-3,count-biomass-time,buggy,-7.551882743835449,0.011082825702618565
sb3,TQC-(count-biomass-time)-4,count-biomass-time,fixed,-7.332192420959473,0.011996903181374955
sb3,TQC-(count-biomass-time)-4,count-biomass-time,buggy,-7.739871978759766,0.012544870374667522
sb3,TQC-(count-biomass-time)-5,count-biomass-time,fixed,-7.794678688049316,0.012390872533704477
sb3,TQC-(count-biomass-time)-5,count-biomass-time,buggy,-8.093745231628418,0.01281877262789618
sb3,TQC-(count-biomass-time)-6,count-biomass-time,fixed,-7.357816219329834,0.010325939953005377
sb3,TQC-(count-biomass-time)-6,count-biomass-time,buggy,-7.79686164855957,0.010651386116088919
sb3,TQC-(count-biomass-time)-7,count-biomass-time,fixed,-7.451798439025879,0.011988841332191792
sb3,TQC-(count-biomass-time)-7,count-biomass-time,buggy,-7.813024997711182,0.012582641537366015
sb3,TQC-(count-biomass-time)-8,count-biomass-time,fixed,-7.270232677459717,0.011834909240312422
sb3,TQC-(count-biomass-time)-8,count-biomass-time,buggy,-7.758839130401611,0.012369272273842644
sb3,TQC-(count-biomass-time)-9,count-biomass-time,fixed,-7.407912731170654,0.012121943608600106
sb3,TQC-(count-biomass-time)-9,count-biomass-time,buggy,-7.815039157867432,0.012688373650351355
sb3,PPO-(count-time)-1,count-time,fixed,-11.19172477722168,0.02831337617516958
sb3,PPO-(count-time)-1,count-time,buggy,-11.7947416305542,0.029397511130045607
sb3,PPO-(count-time)-10,count-time,fixed,-7.505648612976074,0.011339857415325283
sb3,PPO-(count-time)-10,count-time,buggy,-7.7140421867370605,0.0119047288666186
sb3,PPO-(count-time)-2,count-time,fixed,-10.05744457244873,0.02234392751681639
sb3,PPO-(count-time)-2,count-time,buggy,-10.48151683807373,0.023125390779670223
sb3,PPO-(count-time)-3,count-time,fixed,-7.295156478881836,0.012654222901939948
sb3,PPO-(count-time)-3,count-time,buggy,-7.5404205322265625,0.013267870058077951
sb3,PPO-(count-time)-4,count-time,fixed,-9.738994598388672,0.022456565812398726
sb3,PPO-(count-time)-4,count-time,buggy,-10.141180992126465,0.023301470197505097
sb3,PPO-(count-time)-5,count-time,fixed,-7.082377910614014,0.013895726602722919
sb3,PPO-(count-time)-5,count-time,buggy,-7.362645149230957,0.014660644698725312
sb3,PPO-(count-time)-6,count-time,fixed,-7.564809322357178,0.012566425958869934
sb3,PPO-(count-time)-6,count-time,buggy,-7.786961078643799,0.013083071300223145
sb3,PPO-(count-time)-7,count-time,fixed,-9.824281692504883,0.02257349971478129
sb3,PPO-(count-time)-7,count-time,buggy,-10.2468843460083,0.0234102883027384
sb3,PPO-(count-time)-8,count-time,fixed,-6.707889080047607,0.01083481172961924
sb3,PPO-(count-time)-8,count-time,buggy,-6.941556453704834,0.011317952855217202
sb3,PPO-(count-time)-9,count-time,fixed,-8.106287002563477,0.015868064243117524
sb3,PPO-(count-time)-9,count-time,buggy,-8.40608024597168,0.01665349268147926
sb3,TD3-(count-time)-1,count-time,fixed,-9.912562370300293,0.007569432379145571
sb3,TD3-(count-time)-1,count-time,buggy,-10.057830810546875,0.007852187156435457
sb3,TD3-(count-time)-10,count-time,fixed,-19.51226234436035,0.020629049801109373
sb3,TD3-(count-time)-10,count-time,buggy,-20.838258743286133,0.020697678357476632
sb3,TD3-(count-time)-2,count-time,fixed,-23.502700805664062,0.0068833600785264465
sb3,TD3-(count-time)-2,count-time,buggy,-25.213481903076172,0.008044665913025918
sb3,TD3-(count-time)-3,count-time,fixed,-20.657867431640625,0.02077801362248628
sb3,TD3-(count-time)-3,count-time,buggy,-22.19179916381836,0.02157742469930999
sb3,TD3-(count-time)-4,count-time,fixed,-9.597445487976074,0.020397425894558965
sb3,TD3-(count-time)-4,count-time,buggy,-10.087920188903809,0.021523063694100637
sb3,TD3-(count-time)-5,count-time,fixed,-12.369481086730957,0.029256902499917505
sb3,TD3-(count-time)-5,count-time,buggy,-13.027711868286133,0.03023453405448044
sb3,TD3-(count-time)-6,count-time,fixed,-20.594057083129883,0.019890783686231327
sb3,TD3-(count-time)-6,count-time,buggy,-22.167953491210938,0.020417305720064585
sb3,TD3-(count-time)-7,count-time,fixed,-14.770540237426758,0.029566756014925952
sb3,TD3-(count-time)-7,count-time,buggy,-15.604105949401855,0.030500042341359668
sb3,TD3-(count-time)-8,count-time,fixed,-15.938118934631348,0.027900466872056235
sb3,TD3-(count-time)-8,count-time,buggy,-17.0387020111084,0.028678206039375643
sb3,TD3-(count-time)-9,count-time,fixed,-9.33225154876709,0.01906746860280618
sb3,TD3-(count-time)-9,count-time,buggy,-9.681724548339844,0.019769975645533643
sb3,TQC-(count-time)-1,count-time,fixed,-8.687481880187988,0.014429966567455488
sb3,TQC-(count-time)-1,count-time,buggy,-9.151937484741211,0.015221679943867169
sb3,TQC-(count-time)-10,count-time,fixed,-10.161031723022461,0.018577315927489946
sb3,TQC-(count-time)-10,count-time,buggy,-10.842151641845703,0.019749724927761128
sb3,TQC-(count-time)-2,count-time,fixed,-9.913866996765137,0.017775337264654953
sb3,TQC-(count-time)-2,count-time,buggy,-10.523388862609863,0.018933116250871032
sb3,TQC-(count-time)-3,count-time,fixed,-8.810712814331055,0.015131172115500933
sb3,TQC-(count-time)-3,count-time,buggy,-9.342687606811523,0.016024515030663905
sb3,TQC-(count-time)-4,count-time,fixed,-10.135950088500977,0.017892411094574574
sb3,TQC-(count-time)-4,count-time,buggy,-10.787728309631348,0.019104699442906763
sb3,TQC-(count-time)-5,count-time,fixed,-9.233648300170898,0.015947723472677054
sb3,TQC-(count-time)-5,count-time,buggy,-9.788751602172852,0.016815125845518537
sb3,TQC-(count-time)-6,count-time,fixed,-9.61516284942627,0.01778824094379505
sb3,TQC-(count-time)-6,count-time,buggy,-10.22285270690918,0.018898950329594162
sb3,TQC-(count-time)-7,count-time,fixed,-9.558554649353027,0.017237238334472726
sb3,TQC-(count-time)-7,count-time,buggy,-10.153313636779785,0.01834806741732161
sb3,TQC-(count-time)-8,count-time,fixed,-8.644780158996582,0.014361938182211023
sb3,TQC-(count-time)-8,count-time,buggy,-9.095890045166016,0.015151083972611421
sb3,TQC-(count-time)-9,count-time,fixed,-8.664846420288086,0.014585120917941672
sb3,TQC-(count-time)-9,count-time,buggy,-9.100553512573242,0.01536278253505982
sb3,PPO-(count)-1,count,fixed,-8.543238639831543,0.0150446126039032
sb3,PPO-(count)-1,count,buggy,-9.121515274047852,0.016056684877195297
sb3,PPO-(count)-10,count,fixed,-7.680109977722168,0.012992705085267908
sb3,PPO-(count)-10,count,buggy,-8.151782989501953,0.013733961097579316
sb3,PPO-(count)-2,count,fixed,-7.465193748474121,0.010696385463307029
sb3,PPO-(count)-2,count,buggy,-7.81688117980957,0.01114134407296503
sb3,PPO-(count)-3,count,fixed,-7.552914142608643,0.010429740897391947
sb3,PPO-(count)-3,count,buggy,-7.891087532043457,0.010842941013760021
sb3,PPO-(count)-4,count,fixed,-7.176743030548096,0.010933754828246444
sb3,PPO-(count)-4,count,buggy,-7.540066242218018,0.011374196138681049
sb3,PPO-(count)-5,count,fixed,-7.233537673950195,0.010961202541870678
sb3,PPO-(count)-5,count,buggy,-7.598108768463135,0.011405254151348727
sb3,PPO-(count)-6,count,fixed,-7.220032215118408,0.010925134111852025
sb3,PPO-(count)-6,count,buggy,-7.610774993896484,0.011377352094697545
sb3,PPO-(count)-7,count,fixed,-8.177937507629395,0.009301535511838991
sb3,PPO-(count)-7,count,buggy,-8.43212604522705,0.00962855965293078
sb3,PPO-(count)-8,count,fixed,-7.580875873565674,0.01244358222538917
sb3,PPO-(count)-8,count,buggy,-8.027299880981445,0.01307570150229253
sb3,PPO-(count)-9,count,fixed,-7.64827823638916,0.012256847241313774
sb3,PPO-(count)-9,count,buggy,-8.098673820495605,0.012936662420802972
sb3,TD3-(count)-1,count,fixed,-10.810189247131348,0.009873126856658886
sb3,TD3-(count)-1,count,buggy,-10.990876197814941,0.010176596809991875
sb3,TD3-(count)-10,count,fixed,-9.684798240661621,0.013406127736996119
sb3,TD3-(count)-10,count,buggy,-9.908137321472168,0.013765133749674942
sb3,TD3-(count)-2,count,fixed,-8.325376510620117,0.014646793558430692
sb3,TD3-(count)-2,count,buggy,-8.828990936279297,0.01581044107183343
sb3,TD3-(count)-3,count,fixed,-7.537985801696777,0.011001377760808234
sb3,TD3-(count)-3,count,buggy,-7.85827112197876,0.011456359733979096
sb3,TD3-(count)-4,count,fixed,-9.674517631530762,0.015003210911673979
sb3,TD3-(count)-4,count,buggy,-9.924124717712402,0.015394731532105018
sb3,TD3-(count)-5,count,fixed,-17.594606399536133,0.005558233658549981
sb3,TD3-(count)-5,count,buggy,-17.704320907592773,0.005761520974441061
sb3,TD3-(count)-6,count,fixed,-7.186326503753662,0.010265451638959512
sb3,TD3-(count)-6,count,buggy,-7.4886345863342285,0.010612874854730574
sb3,TD3-(count)-7,count,fixed,-20.90123176574707,0.044338477889964756
sb3,TD3-(count)-7,count,buggy,-22.337249755859375,0.04558264948625847
sb3,TD3-(count)-8,count,fixed,-8.007426261901855,0.01246439096743597
sb3,TD3-(count)-8,count,buggy,-8.448180198669434,0.013199216213601586
sb3,TD3-(count)-9,count,fixed,-23.163930892944336,0.0041799082219776094
sb3,TD3-(count)-9,count,buggy,-23.791885375976562,0.004259175064377503
sb3,TQC-(count)-1,count,fixed,-10.956323623657227,0.010576786194224636
sb3,TQC-(count)-1,count,buggy,-11.166866302490234,0.011142984428309076
sb3,TQC-(count)-10,count,fixed,-8.992176055908203,0.014490265220683054
sb3,TQC-(count)-10,count,buggy,-9.625328063964844,0.015546883341103285
sb3,TQC-(count)-2,count,fixed,-17.315156936645508,0.005599036022593378
sb3,TQC-(count)-2,count,buggy,-17.42580795288086,0.005804105307239498
sb3,TQC-(count)-3,count,fixed,-8.249049186706543,0.013154257327358046
sb3,TQC-(count)-3,count,buggy,-8.790838241577148,0.013971213294279871
sb3,TQC-(count)-4,count,fixed,-8.840503692626953,0.014432674081003828
sb3,TQC-(count)-4,count,buggy,-9.436652183532715,0.015495229849442274
sb3,TQC-(count)-5,count,fixed,-7.557502269744873,0.011247393973188143
sb3,TQC-(count)-5,count,buggy,-7.924682140350342,0.011738925693387654
sb3,TQC-(count)-6,count,fixed,-7.40223503112793,0.010951310676525172
sb3,TQC-(count)-6,count,buggy,-7.739958763122559,0.011377850270446943
sb3,TQC-(count)-7,count,fixed,-7.919119358062744,0.012194143688910176
sb3,TQC-(count)-7,count,buggy,-8.312882423400879,0.012846991628848163
sb3,TQC-(count)-8,count,fixed,-7.913393020629883,0.012105942136094458
sb3,TQC-(count)-8,count,buggy,-8.378554344177246,0.012761699894453638
sb3,TQC-(count)-9,count,fixed,-7.974913120269775,0.012360541975642098
sb3,TQC-(count)-9,count,buggy,-8.436982154846191,0.01304625434217494
sb3,PPO-(size-time)-1,size-time,fixed,-7.821585178375244,0.010390188608875384
sb3,PPO-(size-time)-1,size-time,buggy,-8.007991790771484,0.010867730947117158
sb3,PPO-(size-time)-10,size-time,fixed,-7.843358516693115,0.01013548930276526
sb3,PPO-(size-time)-10,size-time,buggy,-8.027861595153809,0.01059308606641774
sb3,PPO-(size-time)-2,size-time,fixed,-7.995062351226807,0.00937418656342813
sb3,PPO-(size-time)-2,size-time,buggy,-8.168416976928711,0.009792628061877019
sb3,PPO-(size-time)-3,size-time,fixed,-7.959076404571533,0.010429089307113969
sb3,PPO-(size-time)-3,size-time,buggy,-8.151644706726074,0.010905213825371837
sb3,PPO-(size-time)-4,size-time,fixed,-9.900874137878418,0.020487208797130813
sb3,PPO-(size-time)-4,size-time,buggy,-10.280664443969727,0.021129842026863698
sb3,PPO-(size-time)-5,size-time,fixed,-7.805246829986572,0.0113713756715787
sb3,PPO-(size-time)-5,size-time,buggy,-8.015597343444824,0.01191385955988
sb3,PPO-(size-time)-6,size-time,fixed,-7.978374004364014,0.009189069175398582
sb3,PPO-(size-time)-6,size-time,buggy,-8.149985313415527,0.009598374922964248
sb3,PPO-(size-time)-7,size-time,fixed,-7.877495288848877,0.011114025328697241
sb3,PPO-(size-time)-7,size-time,buggy,-8.075560569763184,0.011653852279668414
sb3,PPO-(size-time)-8,size-time,fixed,-7.9675188064575195,0.010278531491926384
sb3,PPO-(size-time)-8,size-time,buggy,-8.14549446105957,0.010746036136726804
sb3,PPO-(size-time)-9,size-time,fixed,-8.280220031738281,0.012701708913220202
sb3,PPO-(size-time)-9,size-time,buggy,-8.500457763671875,0.013209973775215506
sb3,TD3-(size-time)-1,size-time,fixed,-23.163930892944336,0.0041799082219776094
sb3,TD3-(size-time)-1,size-time,buggy,-23.791885375976562,0.004259175064377503
sb3,TD3-(size-time)-10,size-time,fixed,-10.810189247131348,0.009873126856658886
sb3,TD3-(size-time)-10,size-time,buggy,-10.990876197814941,0.010176596809991875
sb3,TD3-(size-time)-2,size-time,fixed,-10.810189247131348,0.009873126856658886
sb3,TD3-(size-time)-2,size-time,buggy,-10.990876197814941,0.010176596809991875
sb3,TD3-(size-time)-3,size-time,fixed,-10.810202598571777,0.009873124327847975
sb3,TD3-(size-time)-3,size-time,buggy,-10.990876197814941,0.01017684716227203
sb3,TD3-(size-time)-4,size-time,fixed,-10.810189247131348,0.009873126856658886
sb3,TD3-(size-time)-4,size-time,buggy,-10.990876197814941,0.010176596809991875
sb3,TD3-(size-time)-5,size-time,fixed,-10.810189247131348,0.009873126856658886
sb3,TD3-(size-time)-5,size-time,buggy,-10.990876197814941,0.010176596809991875
sb3,TD3-(size-time)-6,size-time,fixed,-10.810189247131348,0.009873126856658886
sb3,TD3-(size-time)-6,size-time,buggy,-10.990876197814941,0.010176596809991875
sb3,TD3-(size-time)-7,size-time,fixed,-10.810189247131348,0.009873126856658886
sb3,TD3-(size-time)-7,size-time,buggy,-10.990876197814941,0.010176596809991875
sb3,TD3-(size-time)-8,size-time,fixed,-10.810189247131348,0.009873126856658886
sb3,TD3-(size-time)-8,size-time,buggy,-10.990876197814941,0.010176596809991875
sb3,TD3-(size-time)-9,size-time,fixed,-23.163930892944336,0.0041799082219776094
sb3,TD3-(size-time)-9,size-time,buggy,-23.791885375976562,0.004259175064377503
sb3,TQC-(size-time)-1,size-time,fixed,-8.8096284866333,0.017146040983664852
sb3,TQC-(size-time)-1,size-time,buggy,-9.23671817779541,0.017883374810253837
sb3,TQC-(size-time)-10,size-time,fixed,-11.28416919708252,0.020030847779076672
sb3,TQC-(size-time)-10,size-time,buggy,-12.118123054504395,0.021229841325514587
sb3,TQC-(size-time)-2,size-time,fixed,-8.058080673217773,0.015248561203847417
sb3,TQC-(size-time)-2,size-time,buggy,-8.43488597869873,0.016059994247740374
sb3,TQC-(size-time)-3,size-time,fixed,-8.915770530700684,0.006362892439481782
sb3,TQC-(size-time)-3,size-time,buggy,-9.047443389892578,0.006635027475352378
sb3,TQC-(size-time)-4,size-time,fixed,-9.043828010559082,0.017018649605229766
sb3,TQC-(size-time)-4,size-time,buggy,-9.475558280944824,0.017748955023361074
sb3,TQC-(size-time)-5,size-time,fixed,-7.544952392578125,0.012331984114028086
sb3,TQC-(size-time)-5,size-time,buggy,-7.846724033355713,0.012774334676700234
sb3,TQC-(size-time)-6,size-time,fixed,-8.365449905395508,0.01736693430258439
sb3,TQC-(size-time)-6,size-time,buggy,-8.851662635803223,0.018539430968300474
sb3,TQC-(size-time)-7,size-time,fixed,-8.379040718078613,0.01518454688445513
sb3,TQC-(size-time)-7,size-time,buggy,-8.73930549621582,0.015841528587295064
sb3,TQC-(size-time)-8,size-time,fixed,-8.64035701751709,0.013722240059008435
sb3,TQC-(size-time)-8,size-time,buggy,-9.110549926757812,0.014512173152539016
sb3,TQC-(size-time)-9,size-time,fixed,-9.854059219360352,0.019921770049256538
sb3,TQC-(size-time)-9,size-time,buggy,-10.478930473327637,0.021073963735107955
