years,parameter,r2
1,init_n_adult,0.9934054017066956
1,K,-0.0032536983489990234
1,r,-0.002317190170288086
1,mig_scale,-0.005019187927246094
1,p_big,-0.0006145238876342773
3,init_n_adult,0.9944460988044739
3,K,0.03297621011734009
3,r,0.10127818584442139
3,mig_scale,0.7090067863464355
3,p_big,0.12293803691864014
7,init_n_adult,0.9945716857910156
7,K,0.3262401819229126
7,r,0.45002204179763794
7,mig_scale,0.9474214315414429
7,p_big,0.4285188913345337
14,init_n_adult,0.9940477013587952
14,K,0.4372454881668091
14,r,0.5809975266456604
14,mig_scale,0.97084641456604
14,p_big,0.6313426494598389
