,seeds,nominal,wide,mean_s01_24,regret_mean,regret_worst
rppo-oracle,1.0,-6.1353440284729,-6.634842395782471,-7.277428398529689,0.13896237810452777,-0.4269847869873047
best-specialist,,,,-7.416390776634216,0.0,0.0
ppo-specialist,,,,-7.416390776634216,0.0,0.0
rppo-wide-mb32,2.0,-6.632240533828735,-7.026676893234253,-7.602123335003853,-0.1857325583696364,-1.7948369979858398
rob-oracle,4.0,-6.594594717025757,-7.037594676017761,-7.646237753331661,-0.22984697669744478,-1.4696681499481201
big-oracle,2.0,-6.556156396865845,-7.055986642837524,-7.694187268614769,-0.2777964919805525,-1.7334580421447754
rppo-wide,2.0,-6.837172746658325,-7.141329288482666,-7.730322897434235,-0.31393212080001826,-2.2469091415405273
rob-wide,4.0,-6.701815605163574,-7.263000965118408,-7.862103310724099,-0.4457125340898831,-2.4983601570129395
rob-wide-h4,2.0,-6.700878381729126,-7.302622318267822,-7.868345936139424,-0.45195515950520826,-2.3087096214294434
big-wide-h16,2.0,-6.792372226715088,-7.340636730194092,-7.886699919899304,-0.4703091432650883,-2.0698413848876953
rob-curr-h4,2.0,-6.529860258102417,-7.287850379943848,-7.904116118947665,-0.48772534231344844,-2.538998126983641
rob-wide-h16,2.0,-7.0329461097717285,-7.375070810317993,-7.916920294364293,-0.500529517730077,-1.5871648788452148
big-wide,2.0,-6.897992134094238,-7.492469549179077,-8.092338502407074,-0.6759477257728577,-2.672300338745117
big-curr,2.0,-6.6180336475372314,-7.526229381561279,-8.197716956337294,-0.7813261797030767,-3.183011531829834
seasonal-specialist,,-7.765815734863281,-9.33156394958496,-8.480469544728598,-1.0640787680943806,-2.8429174423217773
v2-A,2.0,-6.192626953125,-7.729822635650635,-8.557331691185633,-1.140940914551417,-3.98722505569458
constant-specialist,,-9.643359184265137,-10.573529243469238,-10.109120219945908,-2.6927294433116913,-5.203498840332031
seasonal-wide,,,-9.33156394958496,-10.213256259759268,-2.796865483125051,-5.945494651794437
rppo-nominal,1.0,-6.019539833068848,-9.626713752746582,-10.726501127084097,-3.31011035044988,-5.636375427246094
constant-wide,,,-10.573529243469238,-11.500672141710917,-4.084281365076701,-10.04678058624268
