policy,scenario,mean,se,init_n_adult,K,r,mig_scale,p_big
constant-specialist,nominal,-9.643359184265137,0.015121539031805284,,,,,
seasonal-specialist,nominal,-7.765815734863281,0.01133435556572067,,,,,
constant-specialist,wide,-10.573529243469238,0.0347870983889641,,,,,
seasonal-specialist,wide,-9.331563949584961,0.030180114043683173,,,,,
constant-wide,wide,-10.573529243469238,0.0347870983889641,,,,,
seasonal-wide,wide,-9.331563949584961,0.030180114043683173,,,,,
constant-specialist,s00,-9.675677299499512,0.023080264886539456,1000.0,25000.0,1.0,1.0,0.2
seasonal-specialist,s00,-7.782343864440918,0.01736033958519789,1000.0,25000.0,1.0,1.0,0.2
constant-wide,s00,-9.692227363586426,0.02114719045996419,1000.0,25000.0,1.0,1.0,0.2
seasonal-wide,s00,-8.331463813781738,0.015708256880555736,1000.0,25000.0,1.0,1.0,0.2
constant-specialist,s01,-3.772665023803711,0.0032021571942700347,12739.233746429087,16215.668919729744,0.5614602859042921,0.10667925079829492,0.4066351196001362
seasonal-specialist,s01,-3.4688315391540527,0.003424336281828736,12739.233746429087,16215.668919729744,0.5614602859042921,0.10667925079829492,0.4066351196001362
constant-wide,s01,-6.055306434631348,0.0002451682795264182,12739.233746429087,16215.668919729744,0.5614602859042921,0.10667925079829492,0.4066351196001362
seasonal-wide,s01,-6.087331295013428,0.000525027695916604,12739.233746429087,16215.668919729744,0.5614602859042921,0.10667925079829492,0.4066351196001362
constant-specialist,s02,-13.857147216796875,0.020070114575378134,18255.111545554435,29652.027036792635,1.5942448414759975,0.8386921036231125,0.4675362118938841
seasonal-specialist,s02,-11.019232749938965,0.01607550739632246,18255.111545554435,29652.027036792635,1.5942448414759975,0.8386921036231125,0.4675362118938841
constant-wide,s02,-14.781495094299316,0.026566654829538645,18255.111545554435,29652.027036792635,1.5942448414759975,0.8386921036231125,0.4675362118938841
seasonal-wide,s02,-11.799747467041016,0.024087614078620305,18255.111545554435,29652.027036792635,1.5942448414759975,0.8386921036231125,0.4675362118938841
constant-specialist,s03,-4.694701671600342,0.0034004498847074413,16317.071082430642,10049.18791342004,1.786106414881354,0.11404096537425512,0.36482772321497203
seasonal-specialist,s03,-4.0449113845825195,0.003233696207846343,16317.071082430642,10049.18791342004,1.786106414881354,0.11404096537425512,0.36482772321497203
constant-wide,s03,-6.20411491394043,0.0007750797209347062,16317.071082430642,10049.18791342004,1.786106414881354,0.11404096537425512,0.36482772321497203
seasonal-wide,s03,-6.338109970092773,0.0014950471690853547,16317.071082430642,10049.18791342004,1.786106414881354,0.11404096537425512,0.36482772321497203
constant-specialist,s04,-7.239457607269287,0.01463745560804174,3513.1124120511804,46955.20681356261,1.3121918303736375,0.32299924855689316,0.21134361059882922
seasonal-specialist,s04,-5.146939277648926,0.011756016503876624,3513.1124120511804,46955.20681356261,1.3121918303736375,0.32299924855689316,0.21134361059882922
constant-wide,s04,-7.550409317016602,0.012687168145116822,3513.1124120511804,46955.20681356261,1.3121918303736375,0.32299924855689316,0.21134361059882922
seasonal-wide,s04,-6.3854169845581055,0.004082049377370127,3513.1124120511804,46955.20681356261,1.3121918303736375,0.32299924855689316,0.21134361059882922
constant-specialist,s05,-11.145675659179688,0.01953075872080619,566.3934229092594,12494.278637516385,1.5059366220404455,1.2576377568167718,0.3076925557406269
seasonal-specialist,s05,-8.814682960510254,0.015511241437191563,566.3934229092594,12494.278637516385,1.5059366220404455,1.2576377568167718,0.3076925557406269
constant-wide,s05,-11.447988510131836,0.02388290420122486,566.3934229092594,12494.278637516385,1.5059366220404455,1.2576377568167718,0.3076925557406269
seasonal-wide,s05,-9.244009971618652,0.01585453542084689,566.3934229092594,12494.278637516385,1.5059366220404455,1.2576377568167718,0.3076925557406269
constant-specialist,s06,-15.495565414428711,0.025156829575959078,7673.551085237668,59700.801051264505,1.9712530081643451,1.4612188577001026,0.32522963813390815
seasonal-specialist,s06,-11.564739227294922,0.021902292080796353,7673.551085237668,59700.801051264505,1.9712530081643451,1.4612188577001026,0.32522963813390815
constant-wide,s06,-20.457870483398438,0.036821836545921506,7673.551085237668,59700.801051264505,1.9712530081643451,1.4612188577001026,0.32522963813390815
seasonal-wide,s06,-15.090885162353516,0.0419016750247501,7673.551085237668,59700.801051264505,1.9712530081643451,1.4612188577001026,0.32522963813390815
constant-specialist,s07,-12.014259338378906,0.022567429936392994,13768.934611418801,20074.266821419773,0.7026447575336168,1.6818491825664443,0.26267716123786294
seasonal-specialist,s07,-10.257791519165039,0.020040584122551174,13768.934611418801,20074.266821419773,0.7026447575336168,1.6818491825664443,0.26267716123786294
constant-wide,s07,-12.280325889587402,0.028533287367151692,13768.934611418801,20074.266821419773,0.7026447575336168,1.6818491825664443,0.26267716123786294
seasonal-wide,s07,-10.712106704711914,0.02362785781581725,13768.934611418801,20074.266821419773,0.7026447575336168,1.6818491825664443,0.26267716123786294
constant-specialist,s08,-15.5767822265625,0.019199134145832318,6204.837511179113,23881.048573339263,1.8342317515235003,3.8628862201537872,0.17889759835453511
seasonal-specialist,s08,-13.277246475219727,0.020815082513321457,6204.837511179113,23881.048573339263,1.8342317515235003,3.8628862201537872,0.17889759835453511
constant-wide,s08,-18.306413650512695,0.02286193630871893,6204.837511179113,23881.048573339263,1.8342317515235003,3.8628862201537872,0.17889759835453511
seasonal-wide,s08,-15.04804801940918,0.031229063018181243,6204.837511179113,23881.048573339263,1.8342317515235003,3.8628862201537872,0.17889759835453511
constant-specialist,s09,-6.714901447296143,0.013886791260104366,11430.596614595219,17801.765224718514,1.3914500452995453,0.37506024783696906,0.19580950026408062
seasonal-specialist,s09,-5.645029067993164,0.008814751923883818,11430.596614595219,17801.765224718514,1.3914500452995453,0.37506024783696906,0.19580950026408062
constant-wide,s09,-7.293471813201904,0.008468055899300251,11430.596614595219,17801.765224718514,1.3914500452995453,0.37506024783696906,0.19580950026408062
seasonal-wide,s09,-6.52741813659668,0.004094981545145638,11430.596614595219,17801.765224718514,1.3914500452995453,0.37506024783696906,0.19580950026408062
constant-specialist,s10,-5.372179985046387,0.00446998741031062,17805.487040095846,15023.217867142612,1.4347807170290636,0.13891193106829156,0.4163220738266989
seasonal-specialist,s10,-4.7709455490112305,0.004323019044647354,17805.487040095846,15023.217867142612,1.4347807170290636,0.13891193106829156,0.4163220738266989
constant-wide,s10,-6.350846290588379,0.0012895039859331218,17805.487040095846,15023.217867142612,1.4347807170290636,0.13891193106829156,0.4163220738266989
seasonal-wide,s10,-6.510599136352539,0.0019008199043910347,17805.487040095846,15023.217867142612,1.4347807170290636,0.13891193106829156,0.4163220738266989
constant-specialist,s11,-4.842296600341797,0.004605331148318974,15741.966149773667,15355.55901244718,1.8147263462160557,0.12574922997837923,0.1680585302728302
seasonal-specialist,s11,-4.4486894607543945,0.004465928800507922,15741.966149773667,15355.55901244718,1.8147263462160557,0.12574922997837923,0.1680585302728302
constant-wide,s11,-6.169081687927246,0.0007492464192936237,15741.966149773667,15355.55901244718,1.8147263462160557,0.12574922997837923,0.1680585302728302
seasonal-wide,s11,-6.280556678771973,0.0013405615178634664,15741.966149773667,15355.55901244718,1.8147263462160557,0.12574922997837923,0.1680585302728302
constant-specialist,s12,-4.360404968261719,0.008746177025723069,3005.589337896781,22409.49868810836,1.6944864054309414,0.24652115556529597,0.026010650532204804
seasonal-specialist,s12,-3.19722318649292,0.008608499735250677,3005.589337896781,22409.49868810836,1.6944864054309414,0.24652115556529597,0.026010650532204804
constant-wide,s12,-6.047509670257568,0.0012723208310405191,3005.589337896781,22409.49868810836,1.6944864054309414,0.24652115556529597,0.026010650532204804
seasonal-wide,s12,-5.993315696716309,0.00025847713476049493,3005.589337896781,22409.49868810836,1.6944864054309414,0.24652115556529597,0.026010650532204804
constant-specialist,s13,-8.28732681274414,0.026741711764828643,8091.036796430564,14271.616722325123,0.6361295684286828,0.9682049893973133,0.1493480664094613
seasonal-specialist,s13,-6.755657196044922,0.015005468718348708,8091.036796430564,14271.616722325123,0.6361295684286828,0.9682049893973133,0.1493480664094613
constant-wide,s13,-8.534337043762207,0.017887263436548135,8091.036796430564,14271.616722325123,0.6361295684286828,0.9682049893973133,0.1493480664094613
seasonal-wide,s13,-7.368162631988525,0.010098529783001966,8091.036796430564,14271.616722325123,0.6361295684286828,0.9682049893973133,0.1493480664094613
constant-specialist,s14,-5.252038955688477,0.010419038126681091,13439.897559127188,14297.272416694048,1.9131696657597468,0.4171682274877746,0.052747639785114764
seasonal-specialist,s14,-4.869230270385742,0.008903592212188718,13439.897559127188,14297.272416694048,1.9131696657597468,0.4171682274877746,0.052747639785114764
constant-wide,s14,-6.5090484619140625,0.005754510083267297,13439.897559127188,14297.272416694048,1.9131696657597468,0.4171682274877746,0.052747639785114764
seasonal-wide,s14,-6.288825988769531,0.002663248656055139,13439.897559127188,14297.272416694048,1.9131696657597468,0.4171682274877746,0.052747639785114764
constant-specialist,s15,-18.719043731689453,0.02063919317777337,12582.163030794185,52658.25639429308,1.160565732073676,4.186206186772896,0.2499479068438235
seasonal-specialist,s15,-16.083358764648438,0.023025363347997953,12582.163030794185,52658.25639429308,1.160565732073676,4.186206186772896,0.2499479068438235
constant-wide,s15,-21.84600257873535,0.02237015897775972,12582.163030794185,52658.25639429308,1.160565732073676,4.186206186772896,0.2499479068438235
seasonal-wide,s15,-18.660003662109375,0.03475115134186915,12582.163030794185,52658.25639429308,1.160565732073676,4.186206186772896,0.2499479068438235
constant-specialist,s16,-17.250965118408203,0.018630897163318283,8504.572496981511,30382.245815672366,1.9926447578529862,4.094744794911354,0.23002256965454804
seasonal-specialist,s16,-14.796998977661133,0.020567610706844663,8504.572496981511,30382.245815672366,1.9926447578529862,4.094744794911354,0.23002256965454804
constant-wide,s16,-20.842567443847656,0.02080021784668727,8504.572496981511,30382.245815672366,1.9926447578529862,4.094744794911354,0.23002256965454804
seasonal-wide,s16,-17.214895248413086,0.03240508916635875,8504.572496981511,30382.245815672366,1.9926447578529862,4.094744794911354,0.23002256965454804
constant-specialist,s17,-12.39453125,0.023157412058560617,15154.576906165828,24382.042978188703,1.2939682402951556,2.1628496736177776,0.2073279246778354
seasonal-specialist,s17,-10.738384246826172,0.021355796286668862,15154.576906165828,24382.042978188703,1.2939682402951556,2.1628496736177776,0.2073279246778354
constant-wide,s17,-13.078865051269531,0.028899222110991468,15154.576906165828,24382.042978188703,1.2939682402951556,2.1628496736177776,0.2073279246778354
seasonal-wide,s17,-11.622779846191406,0.028880701205248962,15154.576906165828,24382.042978188703,1.2939682402951556,2.1628496736177776,0.2073279246778354
constant-specialist,s18,-6.453883647918701,0.00846955145387788,14689.671435774588,35758.28814901725,1.8980895299200673,0.15677149377077726,0.3645075585381547
seasonal-specialist,s18,-5.568685531616211,0.007546601325940099,14689.671435774588,35758.28814901725,1.8980895299200673,0.15677149377077726,0.3645075585381547
constant-wide,s18,-6.679996013641357,0.007013095322232566,14689.671435774588,35758.28814901725,1.8980895299200673,0.15677149377077726,0.3645075585381547
seasonal-wide,s18,-6.26170539855957,0.0016362348310575477,14689.671435774588,35758.28814901725,1.8980895299200673,0.15677149377077726,0.3645075585381547
constant-specialist,s19,-20.231462478637695,0.02819067036725057,18548.4785724912,56649.09484397732,0.5220594574480539,2.932909132554821,0.49059752003317214
seasonal-specialist,s19,-17.33700942993164,0.024630004506285032,18548.4785724912,56649.09484397732,0.5220594574480539,2.932909132554821,0.49059752003317214
constant-wide,s19,-20.854368209838867,0.027735413280526054,18548.4785724912,56649.09484397732,0.5220594574480539,2.932909132554821,0.49059752003317214
seasonal-wide,s19,-21.741073608398438,0.03730378839282161,18548.4785724912,56649.09484397732,0.5220594574480539,2.932909132554821,0.49059752003317214
constant-specialist,s20,-16.389516830444336,0.021407416956471595,19144.20359221927,13054.519825576657,1.9589432207344324,3.250676973969209,0.4111869137715352
seasonal-specialist,s20,-14.028935432434082,0.019218102861840253,19144.20359221927,13054.519825576657,1.9589432207344324,3.250676973969209,0.4111869137715352
constant-wide,s20,-17.541366577148438,0.03029372435095929,19144.20359221927,13054.519825576657,1.9589432207344324,3.250676973969209,0.4111869137715352
seasonal-wide,s20,-16.855411529541016,0.03247179709083937,19144.20359221927,13054.519825576657,1.9589432207344324,3.250676973969209,0.4111869137715352
constant-specialist,s21,-13.226775169372559,0.02411121104543034,9599.758476156643,15164.261952717628,1.702820868077462,3.707234342138595,0.1330651361461463
seasonal-specialist,s21,-11.201493263244629,0.025855013194966293,9599.758476156643,15164.261952717628,1.702820868077462,3.707234342138595,0.1330651361461463
constant-wide,s21,-13.477956771850586,0.02640082805407253,9599.758476156643,15164.261952717628,1.702820868077462,3.707234342138595,0.1330651361461463
seasonal-wide,s21,-12.344598770141602,0.028454217245167224,9599.758476156643,15164.261952717628,1.702820868077462,3.707234342138595,0.1330651361461463
constant-specialist,s22,-5.277590751647949,0.006842724589661372,10778.688152443738,22106.94177872114,1.8965259739717326,0.11717271233451078,0.3660030978282804
seasonal-specialist,s22,-4.537694931030273,0.005537023783872479,10778.688152443738,22106.94177872114,1.8965259739717326,0.11717271233451078,0.3660030978282804
constant-wide,s22,-6.124090194702148,0.0012335971792001828,10778.688152443738,22106.94177872114,1.8965259739717326,0.11717271233451078,0.3660030978282804
seasonal-wide,s22,-6.044798374176025,0.0003430753262991615,10778.688152443738,22106.94177872114,1.8965259739717326,0.11717271233451078,0.3660030978282804
constant-specialist,s23,-3.868225336074829,0.003325756120250771,12287.464938979932,10521.376076795877,1.5788296592401105,0.10645583451847612,0.37897550117821405
seasonal-specialist,s23,-3.580228805541992,0.0030394315048920127,12287.464938979932,10521.376076795877,1.5788296592401105,0.10645583451847612,0.37897550117821405
constant-wide,s23,-6.056093692779541,0.0002652210832715872,12287.464938979932,10521.376076795877,1.5788296592401105,0.10645583451847612,0.37897550117821405
seasonal-wide,s23,-6.073184967041016,0.0004526082149182524,12287.464938979932,10521.376076795877,1.5788296592401105,0.10645583451847612,0.37897550117821405
constant-specialist,s24,-10.181488037109375,0.017809574940941413,10255.174465241562,52842.53103599368,0.5991237450861121,2.6876506822979156,0.0333450043835507
seasonal-specialist,s24,-8.37732982635498,0.019727983581323903,10255.174465241562,52842.53103599368,0.5991237450861121,2.6876506822979156,0.0333450043835507
constant-wide,s24,-11.526605606079102,0.022347552461889693,10255.174465241562,52842.53103599368,0.5991237450861121,2.6876506822979156,0.0333450043835507
seasonal-wide,s24,-8.625164985656738,0.020629885309697543,10255.174465241562,52842.53103599368,0.5991237450861121,2.6876506822979156,0.0333450043835507
