t,rep,td3Agent_rew,ppoAgent_rew,tqcAgent_rew,recurrentPPOAgent_rew,constantAgent_rew
0,0,0.0,0.0,0.0,0.0,0.0
1,0,-0.0199509583862777,-0.0152389970419287,-0.0255193695735356,-0.0024194683437651,-0.0206464563164283
2,0,-0.0260473969112962,-0.0502346551195428,-0.0470498589387379,-0.0043327583548207,-0.0412929126328566
3,0,-0.0382488867828495,-0.0809293467728183,-0.0580627151455743,-0.0267409042281668,-0.0619393689492849
4,0,-0.0653680123957127,-0.0926673870924076,-0.0799105247622414,-0.0301200700013119,-0.0825858252657133
5,0,-0.1026569323665652,-0.1062067919226723,-0.0973826049070661,-0.0442788928756904,-0.1032322815821416
6,0,-0.109415511164926,-0.1103676104682178,-0.1164507783949898,-0.0646463780053961,-0.1238787378985699
7,0,-0.1365656978687141,-0.1185119637754701,-0.1376956583241569,-0.1255332065394631,-0.1445251942149983
8,0,-0.1415442187933095,-0.1285015735856347,-0.1583988155360389,-0.1266154578498237,-0.1651716505314266
9,0,-0.1533316577288387,-0.146740933899627,-0.1762246110942751,-0.1271592314582962,-0.185818106847855
10,0,-0.1875783592494837,-0.16895805268961,-0.202792641397814,-0.1374683386496358,-0.2064649051952507
11,0,-0.1961836796039406,-0.2496333069466468,-0.224470995872702,-0.1389471554519839,-0.2271163223026898
12,0,-0.2129290186703324,-0.2647976601962963,-0.2399714090238407,-0.1611617122869626,-0.2477822618395629
13,0,-0.2505549312196124,-0.2779271763662778,-0.4332513165617184,-0.1640197486465353,-0.2684764220371237
14,0,-0.3005608111814434,-0.2878025707332236,-0.7378385958609839,-0.1774033342047581,-0.2892152040570195
15,0,-0.3067197892192136,-0.3006145226914332,-1.0995969784028978,-0.1969690401363356,-0.310012987995616
16,0,-0.3280452977721091,-0.326218925706258,-1.2529769464254867,-0.2570834925277921,-0.3308522856367859
17,0,-0.3330256729412326,-0.3442168851322132,-1.3347659047572231,-0.2582209150589637,-0.3516914663764935
18,0,-0.3479385394833321,-0.3617860639382086,-1.3912751478451983,-0.258826688142269,-0.3724898420313572
19,0,-0.3827232184107889,-0.3837935591839509,-1.420799076695205,-0.27024907595819,-0.3932337988556129
20,0,-0.391541368507562,-0.4646211814126558,-1.4480146551798785,-0.3043942421252542,-0.4139608099509425
21,0,-0.4098471984201511,-0.4834514323310863,-1.4661275124283608,-0.5344828788147802,-0.4347127142876107
22,0,-0.4486965216313873,-0.4964967732850262,-1.5372116547579988,-0.7990908831594149,-0.4555365253376524
23,0,-0.4988542095336148,-0.5095624213331816,-1.5590734564928934,-1.0717477215442957,-0.4765145796866444
24,0,-0.5051989709293873,-0.5287086581077631,-1.5791269909244992,-1.3482591951450509,-0.4977277801490753
25,0,-0.5271798153271526,-0.5539137352767807,-1.5960015197204973,-1.6801913209259451,-0.519151760548036
26,0,-0.5332925186495278,-0.5719104039592023,-1.6122250522502537,-1.7899625601724034,-0.5405694140478939
27,0,-0.5520417463328586,-0.5893436123981443,-1.62888641295298,-1.875887028062304,-0.5617351166975736
28,0,-0.5883957388066108,-0.6124201803384249,-1.6526317670297084,-1.892746893920389,-0.5826802233515234
29,0,-0.5986202720658267,-0.6932097780598261,-1.6771502275673404,-1.9077782979165845,-0.6038723717147647
30,0,-0.6174584631815442,-0.7110184181783469,-1.7002325894114916,-1.9331319659775923,-0.6300284434560062
31,0,-0.6556609063088399,-0.7237404721769221,-1.7210983530328174,-1.9407866211339464,-0.7660947039106938
32,0,-0.7059240396157711,-0.7401470122229402,-1.7431157267937796,-1.957816385504381,-1.046996365151096
33,0,-0.7122113583527195,-0.7481295233299703,-1.7635335118782558,-1.9760483588480795,-1.3324883416374549
34,0,-0.7343853434746492,-0.7656957549540656,-1.7831706103692715,-2.030558204844889,-1.618064567908362
35,0,-0.7409013666005043,-0.7777037254049881,-1.8016284552229729,-2.0307561548432638,-1.9036407533437585
36,0,-0.7560523127625893,-0.7967496519171989,-1.8205927839685236,-2.0309260087944154,-2.189134793348699
37,0,-0.7897121689659251,-0.8213793699719274,-1.8457435630334411,-2.040690990861177,-2.469241053137362
38,0,-0.8003461398578797,-0.9023740667347088,-1.876694831933404,-2.040941399466326,-2.691465142361128
39,0,-0.818999330314231,-0.9188843803245644,-1.9117502885886684,-2.0622485060685114,-2.757662035769293
40,0,-0.8568274311374601,-0.9323000128264723,-1.9323436322353305,-2.062744955957531,-2.784045700522045
41,0,-0.9067980918586596,-0.9531702425440804,-1.9542709962242568,-2.0712543872813263,-2.8057728657108347
42,0,-0.9134188802341574,-0.9614365775073338,-1.974442364417489,-2.082982359717912,-2.8267170415447027
43,0,-0.9369489517435388,-0.979030089000398,-1.9935281707781805,-2.134640187072377,-2.847474596598353
44,0,-0.943073288649676,-0.9907697448553904,-2.010990072884749,-2.1352793645645223,-2.86816973827082
45,0,-0.9584817991887478,-1.010374613158142,-2.028975507446052,-2.1356425150743648,-2.8888389547471407
46,0,-0.994495782986048,-1.0339029298871716,-2.053747453224444,-2.145691715536535,-2.909504315219248
47,0,-1.0044046298902811,-1.114850792341313,-2.083662767424185,-2.146550387563533,-2.9301681313606203
48,0,-1.0234276236679667,-1.1287155389518109,-2.114775066428757,-2.168380751494311,-2.950853201834579
49,0,-1.0626665318853454,-1.1443350163228605,-2.13558019585033,-2.170190894453639,-2.9715922896020697
50,0,-1.112902131776361,-1.1610416319927646,-2.157550036732793,-2.181379955643607,-2.992433823922281
51,0,-1.1193436803849228,-1.1738935668390775,-2.1777702904778766,-2.1976362308756188,-3.013419800867071
52,0,-1.139188242253972,-1.2013522507467953,-2.196801362026456,-2.254995527468599,-3.0345368444959697
53,0,-1.1459660675100611,-1.219921002330825,-2.214229539493076,-2.2560420014600098,-3.0556574909047094
54,0,-1.1601371493680832,-1.2389082285769002,-2.232236074932767,-2.2565711466786613,-3.076658270864247
55,0,-1.1936394992805006,-1.26190038157441,-2.257014301452588,-2.266839471108385,-3.0975104626633825
56,0,-1.203696456588685,-1.342807877994206,-2.2867636245407112,-2.268201707052605,-3.1186505652954533
57,0,-1.2213948103296204,-1.358352410543571,-2.3182790261122475,-2.2903229550661144,-3.145860294041904
58,0,-1.255827196315056,-1.3731322665721968,-2.3389052000331985,-2.2928865102956286,-3.318284875994148
59,0,-1.306653035440512,-1.3884471437982526,-2.3609353116152603,-2.305657893122667,-3.6019516543312093
60,0,-1.3133379992320624,-1.398134064138982,-2.3812436651034323,-2.3244630822538745,-3.8875090123921705
61,0,-1.3362318131306985,-1.4194235426658195,-2.4008714163741445,-2.3826217178194558,-4.17309191020427
62,0,-1.342842665291069,-1.4320070307818171,-2.4187750218506903,-2.3837746539848066,-4.458674500148337
63,0,-1.3575698265147835,-1.452153224280461,-2.4372969559771573,-2.384353636007968,-4.744234230929721
64,0,-1.3926677597032169,-1.47622490808445,-2.462371424524843,-2.394689216158688,-5.027270596489653
65,0,-1.4011937352493458,-1.557272892343572,-2.492833087543746,-2.396138911782224,-5.273518651732067
66,0,-1.4195440662510188,-1.572382121648266,-2.528208784421191,-2.418307626009134,-5.358657647941191
67,0,-1.4574273510009377,-1.5888727954825816,-2.548869979723147,-2.420911687588298,-5.387197465767522
68,0,-1.50741754564068,-1.607433461826331,-2.570918060807471,-2.433574079288919,-5.409053696542049
69,0,-1.5135890580698987,-1.6152953540491064,-2.5912782062262854,-2.4516499701091847,-5.430038246212637
70,0,-1.5349683186701495,-1.6319656001999492,-2.6107057803682534,-2.510104254786144,-5.450807306223135
71,0,-1.5397295109455569,-1.643563124137276,-2.628629600719428,-2.5110107163858424,-5.471501804702457
72,0,-1.552902274904365,-1.6642932718834726,-2.647063003187714,-2.5115254159312355,-5.492173031858664
73,0,-1.5878821374508632,-1.6880041741892398,-2.672108332441776,-2.522492376204416,-5.512840658704019
74,0,-1.5961034745121303,-1.7689956687468942,-2.702014454435838,-2.542434887781908,-5.533506513961429
75,0,-1.6165699780916143,-1.7843511949797852,-2.7374555785742163,-2.724471823580577,-5.554195831271709
76,0,-1.6663836931618707,-1.798094777123785,-2.7581034174953585,-2.9878184428707355,-5.574947364483377
77,0,-1.8005638750592414,-1.8152361944792903,-2.780134061425979,-3.2604571460888025,-5.595822019234215
78,0,-2.0562263969122863,-1.828611037128781,-2.8005445386691297,-3.536964042226049,-5.616893524162538
79,0,-2.322248217146464,-1.859257484204308,-2.820117384982752,-3.826138507932313,-5.638126305061122
80,0,-2.4590251443867275,-1.873455086198196,-2.8379673878715423,-3.915257149374179,-5.659357870318106
81,0,-2.5477074371448936,-1.89499142560011,-2.8563679197123526,-3.996267307783981,-5.680424731966993
82,0,-2.590560106119745,-1.9203705556714088,-2.8814344887828884,-4.011218767766805,-5.701321446093056
83,0,-2.609255057480216,-2.00153560833112,-2.9116872372471594,-4.021759324804198,-5.722448958809065
84,0,-2.631368815149948,-2.017509122836008,-2.943489079018975,-4.046310466838095,-5.747038441976091
85,0,-2.6689345672062026,-2.034455971217746,-2.964246065857613,-4.052913435659597,-5.848093111761261
86,0,-2.7359013651953394,-2.0530715750776043,-2.9861982700475136,-4.068916471853444,-6.122391726431145
87,0,-2.9493930615603854,-2.065405551067793,-3.006351582231412,-4.087154783562367,-6.407648126367355
88,0,-3.105792165758524,-2.100274530419376,-3.025029777006805,-4.142930835689993,-6.693193636108624
89,0,-3.2059233677512493,-2.119870174752722,-3.0424343681864485,-4.143194146466039,-6.978739014529059
90,0,-3.2602215883995376,-2.139551931349696,-3.060286456305704,-4.143403042714961,-7.264026225442216
91,0,-3.300585225463055,-2.163681878882034,-3.085036518307892,-4.153221586766748,-7.534064352351496
92,0,-3.3234382218857106,-2.244705738109984,-3.114121264423173,-4.153583164016298,-7.705436615746955
93,0,-3.3383941473291623,-2.257897854297126,-3.145113389397292,-4.175003789264484,-7.751582423466612
94,0,-3.365733037361655,-2.2719866757977405,-3.165832664277936,-4.175792947903435,-7.77589893109709
95,0,-3.3959340676493888,-2.288686995389155,-3.1877590726004845,-4.18490346606825,-7.797315348267041
96,0,-3.4039884794664097,-2.3007900657960287,-3.207842725004073,-4.197847309156944,-7.818202404827673
97,0,-3.42523437717678,-2.32742773766951,-3.22716646758934,-4.252005732343006,-7.83894147717541
98,0,-3.428292182197189,-2.341149385842364,-3.2446482836375465,-4.252842194403586,-7.859630335594805
99,0,-3.443491622774755,-2.3623958138634635,-3.262873426458278,-4.253293358581659,-7.880296981844265
0,1,0.0,0.0,0.0,0.0,0.0
1,1,-6.126776689500633e-05,-0.0219830636295285,-0.0258271187834714,-0.0025789361611807,-0.0206629930616504
2,1,-0.0002112105559152,-0.0462928782923792,-0.060582081505113,-0.0283720844601119,-0.0413418068753792
3,1,-0.0394431967701776,-0.0821818295929528,-0.081344098910756,-0.0302729927626738,-0.0620609861184198
4,1,-0.0947233895045205,-0.1132194235191772,-0.10316808659883,-0.0417286331929436,-0.0828528824596808
5,1,-0.1304149122330651,-0.1343039712505046,-0.1230669767545326,-0.0583720102967194,-0.1037490269780627
6,1,-0.1574413801952726,-0.177194534008984,-0.1418366757974691,-0.1174490441309774,-0.1247287860609702
7,1,-0.245478803446685,-0.1943185834812262,-0.1590211385512049,-0.1185028482542975,-0.1457114681806512
8,1,-0.2455590803268918,-0.2317412890067258,-0.1766307447686773,-0.1190247614039816,-0.1666155799641036
9,1,-0.2456203480937868,-0.2527992844799858,-0.2012170724527235,-0.1292937438094135,-0.1874109764112674
10,1,-0.2456822471809457,-0.3337720030383974,-0.2309594754770755,-0.1306208745778622,-0.2081816766827292
11,1,-0.2458416364234029,-0.3458369639045912,-0.2618829518752971,-0.1527203043031773,-0.228976573220253
12,1,-0.2851141277672709,-0.359510931863563,-0.2828191395121281,-0.1551869691409725,-0.2498550933723064
13,1,-0.3592806747027779,-0.37851375576567,-0.3048143690299228,-0.1675032835295373,-0.270922837239551
14,1,-0.4065197360126327,-0.3894928710760003,-0.3250127466335295,-0.1852837629440201,-0.2923072920549753
15,1,-0.4076653367052851,-0.4138783310213828,-0.3444192202970446,-0.2435301139858522,-0.3139669853326755
16,1,-0.4690523397498337,-0.4270147677159808,-0.3624219502423023,-0.2445389866010041,-0.3355715144412541
17,1,-0.4729963083971591,-0.4473555831627054,-0.3808907566428141,-0.2450613291011912,-0.3568679706788603
18,1,-0.4944899112741009,-0.4717757545595696,-0.4059740538260133,-0.2553114716899772,-0.3778463801839518
19,1,-0.4974860154873922,-0.5527729630969973,-0.4362719819527291,-0.2566485212242249,-0.398728155253494
20,1,-0.5106866477320761,-0.5669041006169802,-0.4719338109295452,-0.2787214212582596,-0.4196020756688206
21,1,-0.5472272325271528,-0.5838012675494022,-0.4926560449251663,-0.2812414439916791,-0.4405400822969255
22,1,-0.7834091972766354,-0.6025990940105873,-0.5146090407698607,-0.2938177777064796,-0.4616450715154312
23,1,-1.0492610830947569,-0.6087421028105974,-0.5346978224887362,-0.3122410970412844,-0.4830082956874109
24,1,-1.4182624450882226,-0.6212072923083876,-0.5535819443097656,-0.3718424125474289,-0.5045614587177077
25,1,-1.579358227026591,-0.6322327551629359,-0.5710611296170285,-0.3729468391513877,-0.5260592505301426
26,1,-1.673878140270432,-0.6520804911072554,-0.5891394638291816,-0.3735037297518995,-0.5472960839155698
27,1,-1.7211446398576218,-0.6746713947330809,-0.6140150876473163,-0.3838419476420173,-0.5682205896529471
28,1,-1.7435542625724454,-0.7555613376837998,-0.6441291789078128,-0.3854736435875462,-0.5890768955518572
29,1,-1.7622773311907216,-0.769060915182307,-0.6745954854910928,-0.4078948894621125,-0.6099353791073246
30,1,-1.792768983266807,-0.783244861021902,-0.6954367876788359,-0.411574808729113,-0.6308862583734369
31,1,-1.8065442724401783,-0.8017651016687024,-0.7174404306255018,-0.4271338669431835,-0.6520474997213164
32,1,-1.829163114154245,-0.8109607545205405,-0.7377231909435374,-0.4510958896219332,-0.6735432461977993
33,1,-1.8573343509075555,-0.8313697659726091,-0.7570431186362835,-0.5134104822544876,-0.6952968911350442
34,1,-1.8612139388462563,-0.8441362913858936,-0.7747044329921841,-0.5148774693705146,-0.7169737684864871
35,1,-1.873506939316184,-0.8693133112814992,-0.7929754041065536,-0.5155866628974585,-0.7383297698687922
36,1,-1.9065023324246209,-0.9422185755771076,-0.8178893175039613,-0.5261361010184464,-0.7593179766877493
37,1,-1.9165141074230727,-1.1414851943053363,-0.8489439876712193,-0.5281390954758964,-0.7802013630259812
38,1,-1.9345126926700285,-1.4231216076100148,-0.8863479391934919,-0.5505205615396475,-0.8010734132459748
39,1,-1.968895140339132,-1.6180256749092807,-1.0067811935700823,-0.5537062683512042,-0.8220429956352371
40,1,-2.016548555772523,-1.7016674858663583,-1.3114080844352995,-0.5674438783684265,-0.8432272954940837
41,1,-2.0237184553712706,-1.7581574787908765,-1.5632372818151776,-0.5874425471930494,-0.8647261251388081
42,1,-2.0458635295621077,-1.787686288247373,-1.6877125505727837,-0.6463196174449986,-0.8865072072226329
43,1,-2.05238355301442,-1.8051286309197432,-1.7600436505021777,-0.6473015133130684,-0.9082594804271744
44,1,-2.0674108508038214,-1.825289341609595,-1.8138646495352344,-0.6478079310318152,-0.9296440575127398
45,1,-2.10314114911746,-1.876632563306422,-1.84275382846775,-0.6580522429350693,-0.950637961316198
46,1,-2.1126919834907008,-1.967795730789145,-1.8691705054837693,-0.6593924485403474,-0.9715231846587646
47,1,-2.1302434882688,-2.119411955581413,-1.88780209914572,-0.6815936783676815,-0.9924055317938608
48,1,-2.1680881582844918,-2.281573991019278,-1.9565470603121085,-0.6845699910354361,-1.0133803768435088
49,1,-2.218227266982713,-2.32426020779053,-1.9786825124864047,-0.6983654428736071,-1.0345762800809228
50,1,-2.2245282007271427,-2.366937558154286,-1.9991464174410687,-0.7200033642460297,-1.056114602966164
51,1,-2.24629662794653,-2.386775583446398,-2.0174615253817776,-0.779793632502553,-1.0779389815407834
52,1,-2.25201117211995,-2.4034330175661034,-2.034159769832084,-0.7812095309942902,-1.0996869011995714
53,1,-2.265954486778647,-2.4181551941051542,-2.051392676810936,-0.7818849993186764,-1.121078431295255
54,1,-2.301828007115609,-2.45270636949603,-2.0757011797850127,-0.7923622971500407,-1.1420780881928796
55,1,-2.312360458675589,-2.4646800382569665,-2.102755758083398,-0.7942840932884216,-1.162966325022342
56,1,-2.3312048361311715,-2.54603915717986,-2.1294469255836783,-0.8168017668248818,-1.183853793294485
57,1,-2.368876487659489,-2.5589897516828333,-2.150443660903837,-0.8206478291036802,-1.2048363532497164
58,1,-2.418762136343533,-2.577601306188296,-2.1723994355329674,-0.836398562256899,-1.2260366957032804
59,1,-2.4249564477868124,-2.585045840724057,-2.1925978302672475,-0.8598631328918105,-1.2475900600713392
60,1,-2.4471353355399725,-2.6006380463326133,-2.211768654728039,-0.92152547586813,-1.2694347262160175
61,1,-2.453163865808613,-2.6121455101650084,-2.2294368750554034,-0.9227787139412832,-1.2911742330353573
62,1,-2.469271280559761,-2.630646678012795,-2.247640819780797,-0.9234052109635876,-1.3125174132181543
63,1,-2.5034900944217835,-2.655253574903987,-2.2726051076819127,-0.9338066686962831,-1.3335192094450143
64,1,-2.513771874456604,-2.736265063165369,-2.302376084078619,-0.9355538416077118,-1.3548734391235853
65,1,-2.5369173556919264,-2.7509430387216365,-2.3335982009041936,-0.958068447495434,-1.3834684482256945
66,1,-2.5909680239778314,-2.7672991920115124,-2.354228032338596,-0.962010399066934,-1.5619699998807377
67,1,-2.735589851704077,-2.786156203579372,-2.376241170345704,-0.978075049156734,-1.8456508757456875
68,1,-2.9937018430343563,-2.798950616332733,-2.396604458568332,-1.0027747228474322,-2.1312055768082376
69,1,-3.252177394151498,-2.824164635122494,-2.416186221718073,-1.0637348859261069,-2.416788194342267
70,1,-3.385506271643952,-2.842947048176713,-2.434443095366302,-1.0650824379256691,-2.7023705519756125
71,1,-3.4714526575278475,-2.861281511145456,-2.4529668737326182,-1.065707705749562,-2.987925585616064
72,1,-3.513766822271469,-2.88496471809456,-2.4780548406120224,-1.0761203866479552,-3.270625466959197
73,1,-3.5301447362569145,-2.965904201285421,-2.508243039164864,-1.0778896506673583,-3.514106523655294
74,1,-3.5512128859018173,-2.980657989136737,-2.546106120545787,-1.1002944239457983,-3.5971468175636403
75,1,-3.589966233659223,-2.9977487665252007,-2.56673883462227,-1.103816088646184,-3.624033295777659
76,1,-3.660455937330113,-3.013638516038519,-2.588819683188364,-1.1187082972156552,-3.6457838901275785
77,1,-3.884994800074191,-3.02287586678027,-2.609307861237584,-1.1411637914594832,-3.666726629646072
78,1,-4.050788639652416,-3.0433096301542943,-2.6289962546409256,-1.2031924616975165,-3.687479784189116
79,1,-4.154163728162718,-3.056024160620594,-2.647134538992215,-1.2044943116702662,-3.708172742257558
80,1,-4.214289583318195,-3.081363548586447,-2.66598460850575,-1.2051123100969876,-3.728841480810271
81,1,-4.255051298558589,-3.158049011374193,-2.6911735733084425,-1.2155112375545158,-3.749511224688977
82,1,-4.2773260979522245,-3.3676131526051822,-2.721866250866652,-1.2171606961442878,-3.7702945781626496
83,1,-4.292610467897952,-3.6624943398637866,-2.7556301173368443,-1.239479219775632,-3.7934714191451295
84,1,-4.320013517378127,-3.8655687424405567,-2.776314828688529,-1.2425946900165574,-3.9054873531991774
85,1,-4.348612054809534,-3.9538041081824495,-2.7983669016223134,-1.2563267051805385,-4.186052768068569
86,1,-4.3576297250187785,-4.011941429408826,-2.81870391899012,-1.2764242833152946,-4.471557531528607
87,1,-4.380931190408905,-4.043055707836705,-2.83809749500616,-1.3359840418649926,-4.757135698921448
88,1,-4.38408658924785,-4.060766322238809,-2.855954026066758,-1.3370909485295068,-5.042714272125247
89,1,-4.419901426864395,-4.07845413831986,-2.87412290984448,-1.3376669849028076,-5.3282425938190885
90,1,-4.452859636442898,-4.116513672560842,-2.8991822992810463,-1.3480059537122608,-5.6089540206179205
91,1,-4.458883001471009,-4.133283253456556,-2.928739658059327,-1.349513077255833,-5.831649622543763
92,1,-4.473639187903829,-4.239709616277122,-2.958378139853449,-1.3717199678207708,-5.89723333445832
93,1,-4.509838886562371,-4.253620704778407,-2.979118972687513,-1.374574862647233,-5.9234443685649305
94,1,-4.560056204733616,-4.269263425841579,-3.0010311980922038,-1.3880383137471353,-5.945099458894906
95,1,-4.565991422431262,-4.274872040288872,-3.0211195738169003,-1.408197351182478,-5.966030999925278
96,1,-4.587000800688025,-4.286530919100872,-3.040231200843461,-1.4677622895986675,-5.986790765329028
97,1,-4.591234989747329,-4.297295417468814,-3.0576889749754974,-1.4689095703208814,-6.00748863305296
98,1,-4.603728635022613,-4.315374580604843,-3.0758265571002754,-1.4695006816165217,-6.028159918067809
99,1,-4.641787219123017,-4.338434620214541,-3.100696360027586,-1.4808615533539304,-6.048833489669784
0,2,0.0,0.0,0.0,0.0,0.0
1,2,-0.0086179837155323,-0.015881645774288,-0.0258360791938264,-0.2427301626626437,-0.0244827559988608
2,2,-0.0484137338895296,-0.0288583655169691,-0.0466721911642662,-0.5075839500273915,-0.1900031649535701
3,2,-0.075024802131569,-0.0442259866176486,-0.0685525316122866,-0.780242439155407,-0.474178591313051
4,2,-0.0815345082260904,-0.0524116070785995,-0.088564982818258,-1.0567415513619118,-0.7597488471991987
5,2,-0.1028699793440348,-0.0699408615993911,-0.1070904281586306,-1.3763556154115553,-1.045332993985327
6,2,-0.1079712820111358,-0.0816270895649509,-0.124358716445202,-1.4775900674821705,-1.330917145401871
7,2,-0.1234263471394907,-0.1009279058519489,-0.1420804779574595,-1.560226526841228,-1.6164907967854585
8,2,-0.1600222605147297,-0.1244719236511258,-0.1668272906355267,-1.5766747937517518,-1.900543537785516
9,2,-0.1699661537716772,-0.2054229933490371,-0.1955351338484934,-1.5902523058647202,-2.158970313904357
10,2,-0.1889515679165362,-0.2200326472802091,-0.2276864587792675,-1.6153538286237894,-2.258856221853121
11,2,-0.2283586895830349,-0.2334201673352086,-0.2485859407631345,-1.622544681184748,-2.2890895110342364
12,2,-0.2778689483804216,-0.2516156563205283,-0.2705522745972773,-1.63879257012088,-2.3111949406608474
13,2,-0.2846479226082978,-0.2605333869170557,-0.2907616194087506,-1.6568654150125632,-2.3322064602996218
14,2,-0.3084286966809468,-0.2800436577128898,-0.3101188579947198,-1.7096793352047703,-2.3529816423781145
15,2,-0.3159236990018021,-0.2923642287969599,-0.3278194901356354,-1.709884409435878,-2.3736843633118103
16,2,-0.3344978351463614,-0.3170435641989231,-0.3461789364172183,-1.7100628902384076,-2.394359342263225
17,2,-0.3720123301757427,-0.3732668437782736,-0.3711390342686529,-1.7198415959231883,-2.4150286357976416
18,2,-0.3836820316971633,-0.528811255727055,-0.40081200095723,-1.720111980386433,-2.4356953819512275
19,2,-0.4048810270384296,-0.7608048616358416,-0.432436773440104,-1.7414229471951086,-2.4563824820938915
20,2,-0.4448733657016711,-0.943428346453899,-0.4532124948356558,-1.7419333736524238,-2.477123343887741
21,2,-0.4943971995308026,-1.0176392921847883,-0.4752334592075264,-1.7504625685543862,-2.497967599865512
22,2,-0.5009076826106056,-1.0705535846178276,-0.4955824775949703,-1.762410658680698,-2.5189754610863617
23,2,-0.5235384974959546,-1.0969480314832694,-0.5150511160288004,-1.8145584940025956,-2.5401274560728604
24,2,-0.5305869372246214,-1.1141247744044385,-0.5329981035215937,-1.8151636131840467,-2.5612787616013875
25,2,-0.5470531636714426,-1.1335049021378754,-0.5515362055787022,-1.8155075720938776,-2.5822934861952365
26,2,-0.5820697321898074,-1.1848602402683746,-0.5764960314397541,-1.8255338624676123,-2.603137932045235
27,2,-0.5928169143689038,-1.32360380135593,-0.6068770217040516,-1.826363706271471,-2.6239378645563747
28,2,-0.6121805992814413,-1.5091666868948692,-0.6396571236604581,-1.8481794986774085,-2.644749704569934
29,2,-0.6508206086456375,-1.6780899918925634,-0.6605745795065981,-1.8499958329665296,-2.6656430628079746
30,2,-0.7003371444503894,-1.7318258034087846,-0.6826017417827048,-1.8612486498822975,-2.6867205867714827
31,2,-0.7065784339184402,-1.7793602227209473,-0.7028975988778688,-1.87762203061416,-2.708097686866365
32,2,-0.7290005482016222,-1.801735410053841,-0.7223820154800917,-1.9367759026031175,-2.7297154105410866
33,2,-0.7346666119315507,-1.8185046835705068,-0.7401657977336121,-1.9377788898332533,-2.751280783232186
34,2,-0.7472052093571742,-1.834110902617628,-0.7586794790751866,-1.938291332981398,-2.7725564277601475
35,2,-0.7816984474125241,-1.8687653260380548,-0.7837452995324485,-1.9485457368073715,-2.793532813128425
36,2,-0.7910400768555454,-1.8818761307789829,-0.814105488607525,-1.949885858232215,-2.814636867020069
37,2,-0.8097132071055125,-1.975326069263292,-0.8452395472572237,-1.97196287710908,-2.837568853702581
38,2,-0.8483464088548155,-1.9890144832722003,-0.8659116557354578,-1.974426213959512,-2.8836982990067974
39,2,-0.8983161973163084,-2.0052873590757727,-0.8878222474762536,-1.9870004969908308,-3.0852443452324665
40,2,-0.9043229512424948,-2.0145636452341518,-0.9076362185222224,-2.0054807133521337,-3.363231105066542
41,2,-0.9246771917719996,-2.042264737805037,-0.9264004397745006,-2.0638915695699707,-3.647375775636236
42,2,-0.9299006541237858,-2.0604812664255654,-0.9435272628663504,-2.064948564529947,-3.931488750298377
43,2,-0.943846341488324,-2.0792206425525994,-0.9609521196085976,-2.0654895186652884,-4.209850968247896
44,2,-0.9767367179278498,-2.101916618158441,-0.9852682990882587,-2.07577465326353,-4.386148047918691
45,2,-0.985466191370122,-2.1827609755386743,-1.0132862456853589,-2.077130192005958,-4.453608590728901
46,2,-1.004048162739551,-2.1988335999524597,-1.0418854344172488,-2.0992058670246747,-4.481880623416733
47,2,-1.0420650119966337,-2.2119515008474377,-1.0625710885781838,-2.101525901159113,-4.504045615274972
48,2,-1.0926689467458568,-2.227991777098867,-1.0845363798344725,-2.1135408443129253,-4.5251052010718364
49,2,-1.0986504300106703,-2.2373761998730157,-1.1047647090474788,-2.130419969203758,-4.54590192438045
50,2,-1.1210274198789432,-2.257845858112892,-1.1240868647844382,-2.189577009713686,-4.566612742313548
51,2,-1.1262022037048824,-2.270313576509668,-1.1415919796601883,-2.1904478856771763,-4.587288375494273
52,2,-1.1422863897748554,-2.289220028446061,-1.1598353396304766,-2.19095247326399,-4.607950773544536
53,2,-1.178200717287082,-2.3140743236216648,-1.1848596734402457,-2.20202872041918,-4.628613337295513
54,2,-1.1870690411217957,-2.395075491271641,-1.2146662302851994,-2.2283236778437194,-4.6493786221551385
55,2,-1.2051230780515207,-2.41105702053544,-1.2461164349074934,-2.443968237679025,-4.672096410145548
56,2,-1.2439522653427342,-2.426095054476097,-1.2669066752796472,-2.708348582243462,-4.761641572050299
57,2,-1.2930069647821134,-2.4485184331340566,-1.2888334697884194,-2.9810032132433264,-5.037854524742568
58,2,-1.299580518781612,-2.4548112858663496,-1.3089105203052758,-3.257519818317283,-5.323252517198468
59,2,-1.3219223630655794,-2.467956298118708,-1.327887730676725,-3.5847677677226084,-5.608819485899565
60,2,-1.328764016416148,-2.47916270873039,-1.3451777065416195,-3.691753317502284,-5.894386553319946
61,2,-1.3451490342269006,-2.5000426523338386,-1.3630870270543491,-3.777720273808877,-6.179813806083256
62,2,-1.3785296435506351,-2.553763299074568,-1.3878091047639265,-3.794163708270823,-6.456427016816736
63,2,-1.3893006362384654,-2.7142288628057365,-1.4171691532338042,-3.807978304131172,-6.659552482266186
64,2,-1.408504513117467,-2.9544772681443616,-1.4489134754096145,-3.83298971588252,-6.7175026032778895
65,2,-1.4462964604628232,-3.13856619287419,-1.4696822546195856,-3.840038144307409,-6.743227736940409
66,2,-1.4970119120150638,-3.2134037190208087,-1.491672808722826,-3.855490276198909,-6.764819323156081
67,2,-1.504009365149159,-3.266714688304336,-1.5119728387506377,-3.872422400543009,-6.785723050086841
68,2,-1.527213538321211,-3.292656815579777,-1.5312592887405525,-3.926788599645472,-6.806473291997084
69,2,-1.535632178136801,-3.3094267452095503,-1.548941556655799,-3.926980584371424,-6.827163123974161
70,2,-1.552252620788486,-3.3256769948061784,-1.5672127017068134,-3.927165025998877,-6.847831509357503
71,2,-1.5895360097452655,-3.3664407055968333,-1.5923346669559593,-3.9372527238348174,-6.868495390558934
72,2,-1.5994233371150126,-3.379717099976986,-1.6232933195452894,-3.946627021683813,-6.889160247862031
73,2,-1.6185734585480585,-3.4916312373595964,-1.6600254040677986,-4.141443553818495,-6.909849266055432
74,2,-1.65674323644767,-3.5092995152073887,-1.7620720153824063,-4.405791616074873,-6.930600464511961
75,2,-1.7069733057838743,-3.5216426511040506,-2.0486459851816665,-4.678447634262198,-6.951474621658601
76,2,-1.7136063183273031,-3.5266399859837048,-2.29595536162125,-4.955110080184183,-6.972544914627412
77,2,-1.7387917539146855,-3.5368082794053413,-2.4197311824712444,-5.303504795174788,-6.99377944071266
78,2,-1.745148724308849,-3.5471750710928,-2.490825124699523,-5.431009217422987,-7.0150098572702335
79,2,-1.7630826981522454,-3.565613239583063,-2.5423305669295533,-5.520960510819863,-7.036075181798756
80,2,-1.8007497328450743,-3.588497341985304,-2.571247164200264,-5.539070242563502,-7.056931423564687
81,2,-1.8112762845324344,-3.669249038333506,-2.598316905764908,-5.557112855699746,-7.07773760577516
82,2,-1.831073294905758,-3.6843524665310183,-2.622823685216373,-5.583102991849525,-7.098558846438897
83,2,-1.8702898793205431,-3.6968519209743183,-2.699130602936173,-5.592308857591007,-7.119474992508307
84,2,-1.920251217694724,-3.716003369005188,-2.761377571716145,-5.610609359798064,-7.140590758028447
85,2,-1.9265041890374155,-3.7253061788216377,-2.8562581040414257,-5.630053235537837,-7.162035227451159
86,2,-1.949683959000144,-3.7553599058333673,-2.941332585078434,-5.685769276707914,-7.183777977836341
87,2,-1.9554409591005928,-3.773044191208453,-2.998883665587614,-5.685955558458364,-7.205481862054964
88,2,-1.9718405707875428,-3.792138313486338,-3.041376037231144,-5.686126432054479,-7.226852021611914
89,2,-2.00733741120669,-3.8397081610123167,-3.067585564164516,-5.696194766586678,-7.247826474962231
90,2,-2.0169352322767407,-4.000160006110074,-3.092809995767801,-5.705822299767963,-7.26870268998509
91,2,-2.0378545467860563,-4.24041953580353,-3.116605778106696,-5.911849966111089,-7.2895453687141885
92,2,-2.0842967640682635,-4.424583990920645,-3.1910765075267897,-6.176385038999356,-7.310444130637881
93,2,-2.1753195730663384,-4.500352373808589,-3.2873040524973494,-6.4490425950525285,-7.331457040518917
94,2,-2.3959317152261232,-4.55384035903374,-3.418924463115333,-6.725709087940546,-7.352674513154888
95,2,-2.5935904879868703,-4.580567829356015,-3.512573962763701,-7.079945690500024,-7.374055623170762
96,2,-2.712349024663958,-4.597580065167764,-3.5836431862586333,-7.207166685116348,-7.395363844954637
97,2,-2.7914981930737635,-4.6175027217994655,-3.634436994471914,-7.299107815909829,-7.416471762851491
98,2,-2.8322197566297347,-4.676648136204492,-3.662537733295982,-7.317788065642271,-7.437355430622335
99,2,-2.847999880602008,-4.85058938395119,-3.687965698843093,-7.337621611137584,-7.458179960191276
