,s23 (0.1x),s01 (0.1x),s03 (0.1x),s22 (0.1x),s11 (0.1x),s10 (0.1x),s18 (0.2x),s12 (0.2x),s04 (0.3x),s09 (0.4x),s14 (0.4x),s02 (0.8x),s13 (1.0x),s05 (1.3x),s06 (1.5x),s07 (1.7x),s17 (2.2x),s24 (2.7x),s19 (2.9x),s20 (3.3x),s21 (3.7x),s08 (3.9x),s16 (4.1x),s15 (4.2x)
"Oracle, memory (not deployable)",-0.05,-0.209,-0.049,-0.078,-0.128,-0.087,-0.137,-0.037,-0.024,-0.163,-0.063,-0.059,-0.07,-0.225,-0.059,-0.031,-0.011,-0.228,0.052,-0.686,-0.423,-0.868,-1.281,-0.05
"Generalist, memory + privileged critic",-0.116,-0.243,-0.106,-0.301,-0.265,-0.109,-0.447,-0.406,-0.217,-0.237,-0.168,-0.336,-0.273,-0.887,-0.634,-0.209,-0.212,-0.634,-0.211,-2.482,-1.476,-1.31,-1.645,-0.318
"Estimate, then act (deployable)",-0.168,-0.332,-0.341,-0.253,-0.449,-0.438,-0.554,-0.238,-0.039,-0.345,-0.315,-0.357,-0.41,-0.872,-0.403,-0.422,-0.56,-0.832,-0.316,-1.794,-1.131,-1.156,-1.505,-0.205
"Generalist, memory (GRU)",-0.31,-0.512,-0.291,-0.3,-0.322,-0.242,-0.366,-0.535,-0.299,-0.343,-0.276,-0.479,-0.54,-0.926,-0.721,-0.355,-0.277,-0.79,-0.254,-2.408,-1.572,-1.262,-1.529,-0.187
"Generalist, no memory",-0.771,-1.144,-0.753,-0.616,-0.782,-0.692,-0.64,-0.966,-0.457,-0.59,-0.595,-0.423,-0.747,-1.277,-0.382,-0.451,-0.451,-0.77,-0.347,-3.111,-1.817,-1.474,-1.695,-0.381
Seasonal schedule tuned per scenario,-0.545,-1.039,-0.827,-1.019,-1.362,-1.223,-1.583,-0.391,-0.841,-1.357,-1.121,-1.728,-1.731,-1.894,-1.461,-1.818,-1.428,-1.086,-1.872,-3.456,-2.228,-2.13,-2.31,-1.723
"Nominal-trained, no memory",-1.043,-1.39,-1.378,-1.045,-1.505,-1.459,-1.863,-0.378,-0.292,-1.076,-1.201,-1.572,-0.394,-0.739,-1.243,-1.321,-2.055,-2.257,-1.801,-4.6,-2.962,-2.263,-2.487,-1.694
"Nominal-trained, memory",-4.384,-4.999,-4.585,-4.211,-4.696,-4.549,-4.628,-0.468,-0.367,-4.189,-4.371,-3.872,-3.244,-0.592,-3.28,-3.827,-4.309,-4.604,-3.627,-6.414,-5.157,-3.683,-4.535,-3.799
One seasonal schedule (wide),-3.038,-3.658,-3.12,-2.526,-3.194,-2.963,-2.276,-3.187,-2.079,-2.24,-2.541,-2.508,-2.343,-2.323,-4.987,-2.273,-2.312,-1.334,-6.276,-6.282,-3.371,-3.901,-4.728,-4.3
One constant policy (wide),-3.021,-3.626,-2.986,-2.605,-3.083,-2.803,-2.694,-3.242,-3.244,-3.006,-2.761,-5.49,-3.509,-4.527,-10.354,-3.841,-3.768,-4.236,-5.389,-6.968,-4.504,-7.159,-8.356,-7.486
